ptm,iptm,plddt,NAME_NUMBER,AF_rank,AF_model,total_score,complex_normalized,dG_cross,dG_cross/dSASAx100,dG_separated,dG_separated/dSASAx100,dSASA_hphobic,dSASA_int,dSASA_polar,delta_unsatHbonds,dslf_fa13,fa_atr,fa_dun,fa_elec,fa_intra_rep,fa_intra_sol_xover4,fa_rep,fa_sol,hbond_E_fraction,hbond_bb_sc,hbond_lr_bb,hbond_sc,hbond_sr_bb,hbonds_int,lk_ball_wtd,nres_all,nres_int,omega,p_aa_pp,packstat,per_residue_energy_int,pro_close,rama_prepro,ref,sc_value,shape_complementarity,side1_normalized,side1_score,side2_normalized,side2_score,yhh_planarity,description,H,E,L,success,category,hbond_scoverdSASA_int,hbond_scoverdsasa_int_magplusiptm
0.88,0.860000014,92.1278,10,1,4,-915.007,-3.661,-76.587,-3.302,-71.802,-3.095,1658.655,2319.756,661.102,2,0,-1430.294,296.724,-570.821,2.474,50.54,109.96,987.101,0.123,-20.612,-12.068,-74.373,-200.303,7,-15.632,250,87,36.892,-47.484,0.481,-3.853,0,-47.307,20.195,0,0.604,-3.696,-155.239,-3.999,-179.955,0,D10AB_real_0007_relaxed_rank_1_model_4_AFRMSD_0001_AFIA_0001,86,0,14,No,DHR,-3.206069949,89.20607138
0.92,0.910000026,95.4498,14,1,4,-728.186,-3.643,-59.887,-3.412,-55.404,-3.157,1179.245,1755.147,575.902,1,0,-1153.004,228.53,-443.922,2.122,40.094,94.232,784.241,0.081,-21.116,0,-28.083,-163.726,5,-23.52,200,69,29.723,-39.117,0.53,-3.732,0,-46.421,11.78,0,0.656,-3.672,-128.527,-3.794,-128.986,0,D14AB_real_0019_relaxed_rank_1_model_4_AFRMSD_0001_AFIA_0001,85,0,15,No,DHR,-1.60003692,92.60003954
0.92,0.920000017,96.21352632,20,1,2,-730.558,-3.846,-65.679,-4.119,-62.066,-3.893,1203.571,1594.478,390.906,1,0,-1121.792,216.697,-434.347,1.763,38.365,84.821,779.552,0.03,-30.707,0,-35.941,-147.688,4,-27.332,190,60,24.853,-33.337,0.523,-4.43,0,-43.681,-1.785,0,0.721,-4.623,-143.31,-4.224,-122.485,0,D20AB_real_0008_relaxed_rank_1_model_2_AFRMSD_0001_AFIA_0001,84.73684211,0,15.26315789,No,DHR,-2.254091935,94.2540936
0.93,0.930000007,96.15995,23,1,1,-738.349,-3.692,-85.497,-4.095,-79.736,-3.819,1437.863,2087.652,649.789,2,0,-1268.603,227.823,-445.912,2.034,30.864,111.12,814.147,0.113,-25.863,-5.037,-42.735,-157.664,8,-16.963,200,75,35.059,-29.252,0.511,-4.05,0,-31.12,63.753,0,0.71,-3.776,-139.718,-4.316,-164.026,0,D23AB_real_0020_relaxed_rank_1_model_1_AFRMSD_0001_AFIA_0001,83,0,17,No,DHR,-2.047036575,95.04703729
0.93,0.930000007,96.73726087,24,1,4,-866.993,-3.77,-75.031,-3.754,-69.887,-3.496,1379.142,1998.898,619.755,4,-1.02,-1397.543,299.322,-547.935,2.012,46.964,112.242,967.601,0.042,-33.748,-0.217,-41.25,-190.994,4,-17.255,230,69,41.399,-39.073,0.523,-4.282,0.256,-49.691,-18.063,0,0.644,-4.398,-167.106,-4.141,-128.376,0,D24AB_real_0003_relaxed_rank_1_model_4_AFRMSD_0001_AFIA_0001,84.34782609,0,15.65217391,No,DHR,-2.063637064,95.06363778
0.93,0.930000007,95.47938462,26,1,4,-976.34,-3.754,-85.469,-3.776,-76.322,-3.372,1531.148,2263.43,732.283,4,-4.905,-1585.882,351.43,-617.115,2.395,59.519,113.384,1122.758,0.154,-26.997,0,-86.13,-228.958,8,-26.732,260,83,50.496,-44.57,0.402,-4.069,0,-58.767,3.734,0,0.624,-4.054,-178.37,-4.087,-159.377,0,D26AB_real_0001_relaxed_rank_1_model_4_AFRMSD_0001_AFIA_0001,90,0,10,Yes,DHR,-3.805286667,96.80528738
0.95,0.939999998,96.42877778,27,1,4,-1052.757,-3.899,-101.713,-3.75,-86.144,-3.176,1875.988,2712.007,836.019,5,0,-1693.083,379,-688.643,2.728,64.802,136.38,1191.951,0.089,-16.367,0,-84.234,-237.356,7,-13.504,270,97,49.847,-48.6,0.494,-4.088,0,-63.496,-32.183,0,0.655,-3.99,-195.503,-4.188,-201.014,0,D27AB_real_0017_relaxed_rank_1_model_4_AFRMSD_0001_AFIA_0001,87.77777778,0,12.22222222,No,DHR,-3.105965434,97.1059652
0.92,0.920000017,96.10541463,31,1,4,-764.942,-3.731,-63.333,-3.529,-54.937,-3.061,1219.429,1794.692,575.263,1,0,-1197.353,251.636,-503.658,1.921,45.537,105.314,848.03,0.096,-25.366,-5.289,-59.738,-163.26,6,-16.518,205,71,27.008,-37.005,0.575,-4.021,0.07,-34.438,-1.832,0,0.662,-3.81,-137.151,-4.239,-148.375,0,D31AB_real_0002_relaxed_rank_1_model_4_AFRMSD_0001_AFIA_0001,82.92682927,0,17.07317073,No,DHR,-3.32859343,95.3285951
0.91,0.899999976,96.14147619,39,1,4,-777.789,-3.704,-45.975,-3.212,-41.888,-2.927,957.214,1431.198,473.984,3,0,-1242.51,261.426,-491.799,1.998,40.321,102.783,904.293,0.11,-26.42,-8.987,-53.724,-172.67,5,-20.966,210,66,39.345,-46.297,0.524,-3.898,0.128,-49.21,-15.5,0,0.577,-3.631,-123.449,-4.181,-133.793,0,D39AB_real_0019_relaxed_rank_1_model_4_AFRMSD_0001_AFIA_0001,82.85714286,0,17.14285714,No,DHR,-3.753778303,93.75377592
0.92,0.920000017,95.82969231,46,1,4,-727.818,-3.732,-58.803,-3.519,-52.714,-3.154,1148.747,1671.211,522.464,7,0,-1147.38,251.001,-457.279,1.715,47.591,91.611,840.863,0.118,-18.247,0,-60.873,-151.568,6,-14.529,195,65,33.485,-44.561,0.583,-3.912,1.64,-38.348,-62.939,0,0.665,-3.899,-124.774,-3.925,-129.537,0,D46AB_real_0002_relaxed_rank_1_model_4_AFRMSD_0001_AFIA_0001,82.56410256,0,17.43589744,No,DHR,-3.6424485,95.64245017
0.93,0.930000007,96.04735,49,1,4,-749.757,-3.749,-61.614,-3.436,-56.316,-3.14,1398.625,1793.3,394.675,2,0,-1183.847,258.932,-442.421,2.026,51.363,94.133,808.366,0.055,-23.519,0,-69.738,-167.127,3,-15.589,200,75,30.951,-40.367,0.51,-3.915,0.042,-45.372,-7.589,0,0.669,-3.998,-147.921,-3.834,-145.688,0,D49AB_real_0014_relaxed_rank_1_model_4_AFRMSD_0001_AFIA_0001,88.5,0,11.5,Yes,DHR,-3.888808342,96.88880906
0.9,0.910000026,94.63348837,53,1,4,-852.485,-3.965,-67.567,-3.972,-61.257,-3.601,1204.96,1701.241,496.281,2,0,-1242.252,253.912,-492.689,1.931,47.391,103.956,830.997,0.102,-27.93,0,-52.28,-170.906,5,-8.076,215,67,39.721,-46.576,0.497,-4.064,0.89,-52.432,-38.143,0,0.717,-3.884,-135.925,-4.261,-136.345,0,D53AB_real_0018_relaxed_rank_1_model_4_AFRMSD_0001_AFIA_0001,82.3255814,0,17.6744186,No,DHR,-3.073050791,94.07305341
0.93,0.920000017,97.11655814,54,1,4,-845.222,-3.931,-73.061,-3.796,-66.23,-3.441,1396.748,1924.645,527.897,4,0,-1287.987,244.52,-501.172,2.01,46.242,108.724,867.544,0.145,-15.669,-5.769,-70.26,-186.23,8,-27.56,215,83,36.086,-46.072,0.594,-4.088,0,-52.112,42.483,0,0.682,-4.078,-167.215,-4.097,-172.095,0,D54AB_real_0011_relaxed_rank_1_model_4_AFRMSD_0001_AFIA_0001,89.30232558,0,10.69767442,No,DHR,-3.650543347,95.65054502
0.92,0.910000026,94.7303913,55,1,5,-877.091,-3.813,-78.572,-3.876,-74.061,-3.654,1372.879,2027.117,654.238,4,0,-1374.035,240.884,-508.552,2.085,40.337,122.406,895.877,0.074,-17.068,-4.916,-51.594,-192.219,5,-16.332,230,83,45.384,-40.131,0.537,-4.126,0.332,-54.038,34.492,0,0.676,-4.144,-178.187,-4.106,-164.237,0,D55AB_real_0018_relaxed_rank_1_model_5_AFRMSD_0001_AFIA_0001,83.47826087,0,16.52173913,No,DHR,-2.545191027,93.54519365
0.92,0.930000007,95.2807234,57,1,4,-879.709,-3.743,-84.676,-3.827,-77.759,-3.514,1487.866,2212.613,724.747,5,0,-1368.629,255.993,-559.914,2.264,48.615,127.803,925.262,0.072,-22.483,0,-35.972,-196.416,6,-16.19,235,89,39.615,-48.728,0.504,-3.882,2.231,-48.565,15.405,0,0.685,-3.926,-188.425,-3.832,-157.103,0,D57AB_real_0007_relaxed_rank_1_model_4_AFRMSD_0001_AFIA_0001,83.82978723,0,16.17021277,No,DHR,-1.625770074,94.62577079
0.94,0.920000017,95.1945,59,1,4,-940.635,-3.919,-93.173,-3.862,-86.529,-3.586,1683.624,2412.763,729.139,5,0,-1425.236,290.894,-569.253,2.133,48.993,107.74,969.902,0.068,-14.292,-5.277,-47.248,-212.733,7,-22.516,240,89,43.022,-43.488,0.484,-4.223,0,-55.507,-7.767,0,0.65,-4.228,-194.488,-4.218,-181.368,0,D59AB_real_0012_relaxed_rank_1_model_4_AFRMSD_0001_AFIA_0001,89.16666667,0,10.83333333,No,DHR,-1.958252841,93.95825451
0.93,0.920000017,97.07451163,62,1,4,-846.867,-3.934,-69.464,-4.079,-60.383,-3.546,1099.534,1703.069,603.535,3,0,-1296.739,264.442,-527.855,1.856,53.317,106.598,897.446,0.118,-12.695,-8.367,-52.801,-187.899,8,-23.619,215,70,35.355,-43.213,0.673,-4.128,0,-57.425,4.731,0,0.688,-4.139,-136.577,-4.118,-152.379,0,D62AB_real_0007_relaxed_rank_1_model_4_AFRMSD_0001_AFIA_0001,87.44186047,0,12.55813953,No,DHR,-3.100344143,95.10034581
0.94,0.939999998,95.92684211,64,1,2,-1121.771,-3.936,-97.083,-4.001,-87.607,-3.611,1659.603,2426.368,766.765,2,0,-1774.902,361.826,-676.087,2.745,63.425,157.592,1181.951,0.129,-19.83,-8.074,-84.356,-255.945,9,-13.155,285,87,70.204,-54.936,0.601,-4.166,1.745,-74.815,0.84,0,0.671,-4.088,-179.857,-4.247,-182.615,0,D64AB_real_0011_relaxed_rank_1_model_2_AFRMSD_0001_AFIA_0001,92.28070175,0,7.719298246,Yes,DHR,-3.476636685,97.47663645
0.93,0.930000007,96.1478,70,1,4,-972.211,-3.889,-74.37,-3.773,-71.587,-3.632,1242.136,1971.103,728.967,3,0,-1546.715,286.369,-582.641,2.293,45.787,148.813,1022.814,0.127,-11.474,-6.693,-77.545,-220.331,10,-21.397,250,75,48.268,-42.555,0.616,-4.25,0.223,-53.478,36.051,0,0.681,-4.3,-167.691,-4.196,-151.061,0,D70AB_real_0019_relaxed_rank_1_model_4_AFRMSD_0001_AFIA_0001,89.2,0,10.8,Yes,DHR,-3.934091724,96.93409244
0.92,0.920000017,95.66532,71,1,4,-1001.267,-4.005,-67.88,-3.717,-63.706,-3.488,1306.843,1826.452,519.61,3,0,-1489.506,285.258,-610.068,2.25,51.069,120.625,1025.837,0.055,-11.191,-10.983,-50.2,-215.635,4,-18.181,250,74,46.169,-54.362,0.609,-4.1,1.978,-63.463,-10.864,0,0.693,-3.963,-142.681,-4.23,-160.74,0,D71AB_real_0004_relaxed_rank_1_model_4_AFRMSD_0001_AFIA_0001,91.2,0,8.8,No,DHR,-2.748498181,94.74849985
0.9,0.889999986,95.04713514,72,1,4,-738.149,-3.99,-57.006,-3.951,-52.222,-3.62,1030.406,1442.708,412.301,0,0,-1072.099,203.879,-454.824,1.624,38.314,79.068,758.472,0.079,-20.818,-9.884,-41.658,-153.212,6,-14.254,185,57,34.072,-45.247,0.481,-4.249,0.244,-46.669,4.845,0,0.683,-4.271,-140.944,-4.218,-101.23,0,D72AB_real_0019_relaxed_rank_1_model_4_AFRMSD_0001_AFIA_0001,88.64864865,0,11.35135135,No,DHR,-2.887486588,91.88748516
0.93,0.910000026,95.97472727,76,1,2,-1073.555,-3.904,-74.53,-3.431,-67.052,-3.086,1605.168,2172.531,567.362,1,0,-1693.891,333.228,-626.504,2.939,60.877,135.355,1104.716,0.063,-10.058,-8.616,-83.676,-248.887,4,-17.21,275,89,53.531,-55.807,0.545,-4.184,3.413,-60.757,37.792,0,0.591,-4.236,-199.085,-4.126,-173.289,0,D76AB_real_0011_relaxed_rank_1_model_2_AFRMSD_0001_AFIA_0001,90.90909091,0,9.090909091,No,DHR,-3.851544581,94.8515472
0.94,0.939999998,97.00057143,79,1,2,-1088.694,-3.888,-82.031,-3.686,-77.578,-3.486,1591.529,2225.222,633.693,5,0,-1678.364,339.809,-658.308,2.449,60.469,145.165,1185.906,0.125,-31.605,-1.299,-75.673,-249.947,8,-30.313,280,85,56.242,-54.962,0.46,-4.164,0.254,-67.708,-30.808,0,0.578,-4.114,-193.337,-4.226,-160.598,0,D79AB_real_0014_relaxed_rank_1_model_2_AFRMSD_0001_AFIA_0001,88.57142857,0,11.42857143,Yes,DHR,-3.400694403,97.40069416
0.95,0.939999998,96.62126316,81,1,4,-1074.005,-3.768,-66.372,-3.159,-60.816,-2.894,1490.746,2101.121,610.375,3,-3.174,-1716.988,358.956,-655.155,2.497,64.09,124.389,1209.985,0.092,-13.564,-9.989,-75.516,-259.778,6,-25.798,285,89,52.628,-52.388,0.58,-4.187,0,-66.17,-8.031,0,0.654,-4.058,-150.161,-4.279,-222.495,0,D81AB_real_0011_relaxed_rank_1_model_4_AFRMSD_0001_AFIA_0001,90.52631579,0,9.473684211,No,DHR,-3.594081445,97.59408121
0.92,0.910000026,94.02116,9,1,4,-967.373,-3.87,-90.845,-3.718,-76.774,-3.142,1723.171,2443.533,720.363,3,0,-1477.56,291.27,-618.187,2.91,56.658,119.306,1039.06,0.11,-19.505,-9.718,-88.808,-209.982,9,-22.218,250,91,29.439,-59.454,0.522,-4.207,0,-56.501,55.916,0,0.644,-4.085,-183.806,-4.328,-199.071,0,D9AB_real_0001_relaxed_rank_1_model_4_AFRMSD_0001_AFIA_0001,83.2,0,16.8,No,DHR,-3.634409685,94.63441231
0.82,0.800000012,85.51850829,100,1,5,-672.384,-3.715,-75.847,-4.167,-70.669,-3.883,1045.635,1820.079,774.445,0,0,-1068.182,218.264,-412.835,1.969,34.503,116.206,669.879,0.222,-22.006,-47.106,-54.626,-86.449,14,-9.807,181,67,27.974,-41.326,0.561,-4.27,0.099,-28.751,29.81,0,0.664,-4.335,-151.712,-4.2,-134.385,0,LHD100_relaxed_rank_1_model_5_AFrwc_0001_AFIA_0001,49.17127072,28.72928177,22.09944751,No,LHD,-3.001298295,83.00129949
0.82,0.800000012,85.51850829,100,1,5,-672.384,-3.715,-75.847,-4.167,-70.669,-3.883,1045.635,1820.079,774.445,0,0,-1068.182,218.264,-412.835,1.969,34.503,116.206,669.879,0.222,-22.006,-47.106,-54.626,-86.449,14,-9.807,181,67,27.974,-41.326,0.561,-4.27,0.099,-28.751,29.81,0,0.664,-4.335,-151.712,-4.2,-134.385,0,LHD100_relaxed_rank_1_model_5_AFrwc_0001_AFIA_0001,49.17127072,28.72928177,22.09944751,No,LHD,-3.001298295,83.00129949
0.85,0.800000012,92.86726667,101,1,2,-541.311,-3.611,-57.263,-3.498,-49.306,-3.012,671.447,1637.056,965.609,11,0,-839.275,190.892,-348.001,1.579,28.465,80.097,537.886,0.3,-24.105,-51.104,-36.521,-69.712,15,-6.438,150,48,16.527,-36.439,0.588,-4.13,0,-18.847,33.687,0,0.51,-4.13,-103.261,-4.129,-94.975,0,LHD101_relaxed_rank_1_model_2_AFrwc_0001_AFIA_0001,44.66666667,34.66666667,20.66666667,Yes,LHD,-2.230894972,82.23089616
0.69,0.579999983,77.06227723,102,1,1,-668.359,-3.309,-56.412,-3.38,-42.183,-2.527,801.986,1669.095,867.109,5,0,-1170.616,230.63,-404.597,2.208,39.188,145.46,714.04,0.3,-32.043,-41.976,-30.965,-91.452,10,-28.205,202,60,25.767,-41.906,0.481,-3.719,0.808,-24.328,39.627,0,0.631,-3.747,-112.425,-3.691,-110.744,0,LHD102_relaxed_rank_1_model_1_AFrwc_0001_AFIA_0001,50,24.25742574,25.74257426,No,LHD,-1.855196978,59.85519531
0.83,0.810000002,81.16828729,103,1,1,-590.136,-3.26,-74.285,-4.272,-68.457,-3.936,834.052,1739.086,905.034,0,0,-1032.517,220.729,-372.423,2.028,36.708,123.046,628.677,0.16,-26.226,-38.901,-44.169,-83.662,12,-15.612,181,66,33.588,-37.162,0.554,-4.121,0.297,-20.975,36.439,0,0.69,-3.896,-124.656,-4.333,-147.329,0,LHD103_relaxed_rank_1_model_1_AFrwc_0001_AFIA_0001,47.51381215,23.20441989,29.28176796,No,LHD,-2.539782391,83.53978263
0.86,0.829999983,88.66331707,104,1,1,-777.527,-3.793,-74.12,-4.083,-68.478,-3.772,876.385,1815.551,939.166,4,0,-1222.005,272.759,-460.142,2.374,44.688,129.933,729.133,0.247,-29.76,-61.251,-56.436,-95.72,15,-10.787,205,64,31.777,-57.165,0.588,-4.016,0.21,-38.578,43.445,0,0.702,-4.236,-148.276,-3.749,-108.721,0,LHD104_relaxed_rank_1_model_1_AFrwc_0001_AFIA_0001,50.24390244,27.80487805,21.95121951,No,LHD,-3.108477812,86.10847614
0.78,0.649999976,87.89792553,105,1,5,-702.8,-3.737,-55.415,-2.9,-42.609,-2.23,812.683,1911.077,1098.394,16,0,-1150.208,276.56,-444.595,2.374,40.71,111.228,721.942,0.345,-24.985,-58.483,-59.775,-90.64,16,-6.631,188,59,23.278,-55.984,0.624,-3.882,0,-17.973,30.382,0,0.632,-3.845,-111.501,-3.917,-117.521,0,LHD105_relaxed_rank_1_model_5_AFrwc_0001_AFIA_0001,51.06382979,33.5106383,15.42553191,No,LHD,-3.127817456,68.12781507
0.86,0.800000012,89.44630435,106,1,2,-689.589,-3.722,-71.824,-3.368,-65.856,-3.088,1099.359,2132.816,1033.457,1,0,-1107.918,268.207,-440.503,2.267,39.013,113.305,688.546,0.283,-17.025,-59.513,-59.751,-90.486,17,-5.725,184,64,24.982,-46.774,0.558,-3.867,0,-20.753,22.541,0,0.59,-3.797,-121.501,-3.937,-125.977,0,LHD106_relaxed_rank_1_model_2_AFrwc_0001_AFIA_0001,50,35.86956522,14.13043478,No,LHD,-2.801507491,82.80150868
0.84,0.779999971,88.99771277,107,1,4,-722.619,-3.844,-54.576,-3.776,-51.007,-3.529,857.574,1445.443,587.869,0,0,-1125.82,251.386,-432.21,2.301,39.182,123.222,671.576,0.197,-25.035,-58.379,-57.633,-91.17,9,-4.559,188,60,23.782,-60.2,0.606,-4.259,0,-30,50.938,0,0.725,-4.259,-132.038,-4.259,-123.513,0,LHD107_relaxed_rank_1_model_4_AFrwc_0001_AFIA_0001,50.53191489,30.85106383,18.61702128,No,LHD,-3.987220527,81.98721767
0.87,0.829999983,94.0395,108,1,4,-501.758,-3.584,-55.354,-3.26,-46.872,-2.761,839.056,1697.953,858.896,5,0,-819.641,199.18,-306.571,1.558,28.995,78.338,518.858,0.324,-21.887,-48.704,-32.885,-66.495,12,-7.066,140,63,16.661,-31.913,0.641,-4.11,0,-16.498,6.312,0,0.617,-4.031,-133.011,-4.198,-125.933,0,LHD108_relaxed_rank_1_model_4_AFrwc_0001_AFIA_0001,46.42857143,32.85714286,20.71428571,Yes,LHD,-1.936743832,84.93674216
0.91,0.889999986,95.44153846,109,1,4,-503.943,-3.876,-70.109,-4.193,-64.834,-3.877,777.745,1672.181,894.436,3,0,-789.443,195.746,-310.924,1.634,31.488,81.163,500.971,0.169,-15.474,-38.504,-43.864,-65.287,10,-6.66,130,60,14.406,-31.416,0.627,-4.527,0,-23.011,-4.768,0,0.742,-4.607,-133.604,-4.451,-137.995,0,LHD109_relaxed_rank_1_model_4_AFrwc_0001_AFIA_0001,50.76923077,28.46153846,20.76923077,No,LHD,-2.623161009,91.62315958
0.76,0.689999998,80.80032258,110,1,2,-548.415,-3.538,-61.164,-3.343,-54.315,-2.969,961.829,1829.421,867.592,12,0,-934.551,225.889,-381.666,2.007,37.766,106.475,613.467,0.255,-21.201,-43.092,-47.268,-75.823,12,-7.008,155,62,27.895,-36.031,0.511,-4.437,0,-25.348,10.071,0,0.662,-4.516,-135.484,-4.363,-139.628,0,LHD110_relaxed_rank_1_model_2_AFrwc_0001_AFIA_0001,50.96774194,30.96774194,18.06451613,No,LHD,-2.583768307,71.58376807
0.76,0.680000007,80.76201149,111,1,2,-621.772,-3.573,-59.96,-3.06,-53.933,-2.752,1185.873,1959.487,773.615,4,0,-1057.628,261.056,-418.764,2.197,38.011,112.808,688.041,0.21,-24.241,-49.662,-62.617,-85.978,11,-7.234,174,63,22.867,-45.453,0.494,-3.732,0,-23.47,28.294,0,0.628,-3.868,-135.363,-3.562,-99.736,0,LHD111_relaxed_rank_1_model_2_AFrwc_0001_AFIA_0001,50.57471264,28.73563218,20.68965517,No,LHD,-3.195581292,71.19558201
0.89,0.879999995,95.08035714,112,1,5,-500.411,-3.574,-54.232,-3.978,-48.713,-3.573,802.636,1363.366,560.73,2,0,-806.744,181.691,-312.452,1.56,27.444,85.022,509.363,0.188,-19.32,-48.802,-26.259,-66.071,9,-10.48,140,57,17.155,-33.573,0.605,-3.916,0,-21.004,22.059,0,0.704,-3.925,-109.909,-3.907,-113.316,0,LHD112_relaxed_rank_1_model_5_AFrwc_0001_AFIA_0001,47.14285714,32.85714286,20,Yes,LHD,-1.92604187,89.92604139
0.86,0.860000014,88.4842069,113,1,4,-506.29,-3.492,-63.308,-4.321,-59.428,-4.056,714.334,1465.155,750.821,2,0,-834.494,222.196,-362.72,1.695,34.714,93.374,562.585,0.259,-15.615,-53.153,-49.965,-65.089,13,-4.285,145,53,19.277,-35.063,0.607,-4.099,0,-21.684,1.936,0,0.712,-4.539,-118.002,-3.676,-99.248,0,LHD113_relaxed_rank_1_model_4_AFrwc_0001_AFIA_0001,45.51724138,36.55172414,17.93103448,No,LHD,-3.410219397,89.41022083
0.41,0.129999995,59.36638298,114,1,4,-606.588,-3.227,-27.468,-1.865,-22.425,-1.523,820.487,1472.426,651.939,9,0,-1133.01,275.43,-400.187,2.495,41.675,145.423,704.501,0.301,-24.509,-47.698,-53.821,-89.138,5,-11.811,188,63,26.152,-51.593,0.567,-2.728,0,-24.594,34.096,0,0.451,-2.774,-88.766,-2.68,-83.068,0,LHD114_relaxed_rank_1_model_4_AFrwc_0001_AFIA_0001,51.06382979,29.78723404,19.14893617,No,LHD,-3.655260095,16.65525962
0.87,0.860000014,91.05664286,115,1,5,-515.497,-3.684,-67.891,-3.776,-59.87,-3.33,1048.115,1797.848,749.733,1,0,-843.131,211.275,-335.401,1.686,32.895,81.685,552.643,0.147,-15.505,-45.517,-45.519,-70.274,9,-4.444,140,66,20.619,-32.309,0.598,-4.296,0,-19.972,-4.227,0,0.676,-3.789,-128.819,-4.835,-154.712,0,LHD115_relaxed_rank_1_model_5_AFrwc_0001_AFIA_0001,50,30.71428571,19.28571429,No,LHD,-2.531860313,88.53186174
0.83,0.74000001,84.82238994,116,1,5,-580.515,-3.656,-75.376,-3.682,-65,-3.175,1147.799,2047.336,899.537,4,0,-961.474,231.659,-372.423,1.897,31.922,105.032,600.421,0.251,-16.77,-50.771,-42.192,-77.299,12,-8.137,159,64,20.285,-42.551,0.582,-3.637,0,-22.158,22.042,0,0.682,-3.454,-96.723,-3.779,-136.042,0,LHD116_relaxed_rank_1_model_5_AFrwc_0001_AFIA_0001,50.31446541,31.44654088,18.23899371,No,LHD,-2.060824408,76.06082536
0.86,0.819999993,87.37721893,117,1,4,-616.379,-3.647,-76.723,-3.818,-68.53,-3.41,1019.695,2009.717,990.023,4,0,-1016.541,245.702,-414.622,2.004,39.3,104.882,669.964,0.234,-22.545,-49.768,-45.297,-84.071,14,-11.141,169,66,26.711,-45.094,0.591,-4.08,0,-24.18,8.318,0,0.639,-4.442,-159.919,-3.645,-109.338,0,LHD117_relaxed_rank_1_model_4_AFrwc_0001_AFIA_0001,50.29585799,30.17751479,19.52662722,No,LHD,-2.25389943,84.25389871
0.88,0.839999974,94.28314286,118,1,5,-522.443,-3.732,-64.624,-3.743,-57.997,-3.359,967.909,1726.727,758.818,3,0,-816.49,184.79,-321.661,1.56,27.742,84.788,518.55,0.243,-16.384,-45.284,-41.847,-67.601,13,-7.488,140,54,19.276,-34.336,0.546,-4.235,0,-20.77,12.713,0,0.618,-3.769,-101.769,-4.701,-126.924,0,LHD118_relaxed_rank_1_model_5_AFrwc_0001_AFIA_0001,46.42857143,32.14285714,21.42857143,No,LHD,-2.423486747,86.42348412
0.82,0.790000021,83.94893491,119,1,5,-596.081,-3.527,-64.841,-4.097,-51.362,-3.245,918.133,1582.669,664.536,4,0,-1008.476,237.335,-387.893,1.884,34.912,119.005,629.547,0.253,-21.085,-52.025,-47.505,-77.039,12,-13.307,169,56,20.194,-43.325,0.619,-3.735,0,-24.442,36.139,0,0.735,-3.553,-103.032,-3.931,-106.138,0,LHD119_relaxed_rank_1_model_5_AFrwc_0001_AFIA_0001,49.70414201,28.40236686,21.89349112,No,LHD,-3.001575187,82.00157733
0.57,0.230000004,76.67068966,120,1,4,-481.043,-3.318,-29.656,-2.663,-25.186,-2.262,361.917,1113.637,751.72,0,0,-808.214,206.948,-330.866,1.677,32.112,84.317,552.412,0.385,-15.109,-48.125,-45.437,-66.543,9,-9.358,145,41,19.053,-33.08,0.524,-3.598,0,-17.754,-3.076,0,0.555,-3.727,-85.73,-3.433,-61.803,0,LHD120_relaxed_rank_1_model_4_AFrwc_0001_AFIA_0001,45.51724138,37.24137931,17.24137931,No,LHD,-4.080054811,27.08005523
0.88,0.870000005,92.42550296,121,1,4,-612.859,-3.627,-49.132,-3.603,-41.614,-3.052,752.184,1363.642,611.458,3,0,-969.251,218.927,-373.464,1.897,34.201,91.717,611.251,0.258,-24.419,-58.657,-33.562,-80.99,9,-13.023,169,63,17.858,-47.196,0.651,-4.032,0,-21.598,33.448,0,0.684,-4.14,-144.904,-3.896,-109.085,0,LHD121_relaxed_rank_1_model_4_AFrwc_0001_AFIA_0001,48.52071006,31.95266272,19.52662722,Yes,LHD,-2.46120316,89.46120364
0.47,0.140000001,71.35187879,122,1,3,-534.283,-3.238,-9.859,-1.694,-2.596,-0.446,395.971,582.006,186.035,1,0,-930.002,233.302,-379.012,2.004,34.901,101.728,618.409,0,-20.516,-45.487,-40.954,-80.381,0,-13.642,165,25,24.738,-36.291,0.576,-2.884,0,-18.629,15.549,0,0.765,-3.34,-40.075,-2.463,-32.022,0,LHD122_relaxed_rank_1_model_3_AFrwc_0001_AFIA_0001,50.3030303,32.72727273,16.96969697,No,LHD,-7.036697216,21.03669728
0.87,0.839999974,93.56207692,123,1,4,-479.812,-3.691,-60.059,-3.242,-53.163,-2.87,897.217,1852.612,955.396,7,0,-785.37,198.121,-312.458,1.713,31.902,80.343,509.684,0.154,-12.745,-38.029,-49.374,-64.719,10,-5.76,130,60,17.006,-29.103,0.498,-4.136,0,-22.192,1.17,0,0.633,-4.157,-116.406,-4.118,-131.774,0,LHD123_relaxed_rank_1_model_4_AFrwc_0001_AFIA_0001,50,27.69230769,22.30769231,No,LHD,-2.665102029,86.66509941
0.9,0.889999986,95.58738462,124,1,5,-506.413,-3.893,-65.686,-3.812,-58.114,-3.372,960.933,1723.356,762.423,4,0,-799.562,191.488,-296.133,1.686,29.593,81.412,493.915,0.174,-14.039,-39.784,-45.813,-65.561,10,-6.61,130,60,16.505,-31.141,0.599,-4.563,0,-22.359,-0.011,0,0.688,-4.711,-141.34,-4.414,-132.421,0,LHD124_relaxed_rank_1_model_5_AFrwc_0001_AFIA_0001,50.76923077,30,19.23076923,No,LHD,-2.658359619,91.65835819
0.79,0.75999999,85.08521212,125,1,2,-565.786,-3.431,-59.245,-3.728,-51.63,-3.249,735.08,1589.08,854,3,0,-921.183,248.885,-424.042,1.772,39.54,89.495,675.707,0.274,-17.439,-53.035,-49.758,-86.432,12,-5.764,165,59,25.047,-37.054,0.49,-3.76,0,-26.677,-24.847,0,0.623,-3.549,-95.811,-3.938,-126.004,0,LHD125_relaxed_rank_1_model_2_AFrwc_0001_AFIA_0001,48.48484848,31.51515152,20,No,LHD,-3.131245752,79.1312448
0.55,0.219999999,78.04154255,126,1,2,-686.812,-3.653,-29.972,-1.844,-27.271,-1.677,784.122,1625.842,841.72,15,0,-1120.968,269.517,-439.116,2.313,39.626,109.401,706.751,0.261,-30.278,-55.709,-53.521,-93.791,7,-7.448,188,60,26.294,-55.927,0.637,-3.815,0,-18.739,34.783,0,0.518,-3.927,-109.949,-3.718,-118.964,0,LHD126_relaxed_rank_1_model_2_AFrwc_0001_AFIA_0001,51.06382979,30.85106383,18.08510638,No,LHD,-3.291894292,25.29189417
0.86,0.800000012,90.75074468,127,1,4,-707.082,-3.761,-41.855,-2.515,-39.296,-2.362,922.34,1663.923,741.583,7,0,-1139.461,266.364,-431.547,2.299,41.086,119.095,694.004,0.134,-24.221,-58.877,-57.082,-92.445,6,-11.886,188,63,22.945,-54.408,0.581,-3.962,0,-27.561,44.614,0,0.592,-3.838,-122.817,-4.091,-126.814,0,LHD127_relaxed_rank_1_model_4_AFrwc_0001_AFIA_0001,51.06382979,30.31914894,18.61702128,No,LHD,-3.4305674,83.43056859
0.88,0.879999995,96.01169231,128,1,4,-475.666,-3.659,-60.385,-3.881,-54.424,-3.498,936.158,1555.791,619.633,3,0,-773.935,190.016,-298.983,1.612,27.511,81.289,495.613,0.183,-15.499,-40.001,-39.027,-63.619,9,-9.507,130,54,16.295,-29.338,0.588,-4.031,0,-20.907,2.813,0,0.731,-3.571,-89.264,-4.427,-128.389,0,LHD128_relaxed_rank_1_model_4_AFrwc_0001_AFIA_0001,49.23076923,29.23076923,21.53846154,Yes,LHD,-2.508498892,90.50849842
0.92,0.910000026,97.27538462,129,1,3,-492.651,-3.79,-61.82,-4.187,-58.705,-3.976,759.613,1476.417,716.804,1,0,-777.919,190.414,-305.068,1.618,30.017,72.079,507.579,0.242,-16.854,-39.531,-46.243,-64.259,13,-8.105,130,51,16.057,-30.907,0.58,-4.262,0,-17.243,-4.283,0,0.715,-4.059,-97.427,-4.442,-119.944,0,LHD129_relaxed_rank_1_model_3_AFrwc_0001_AFIA_0001,49.23076923,29.23076923,21.53846154,No,LHD,-3.132109695,94.13211232
0.72,0.709999979,73.71323171,130,1,1,-527.661,-3.22,-73.514,-3.761,-59.49,-3.044,1196.762,1954.47,757.708,7,0,-996.145,253.232,-364.681,2.171,36.794,144.897,603.232,0.206,-20.68,-44.682,-35.662,-82.362,11,-7.332,164,70,31.184,-43.541,0.571,-3.353,0,-21.247,17.159,0,0.686,-3.832,-145.606,-2.785,-89.114,0,LHD130_relaxed_rank_1_model_1_AFrwc_0001_AFIA_0001,49.3902439,29.87804878,20.73170732,No,LHD,-1.824637881,72.82463574
0.87,0.839999974,94.13792857,131,1,5,-509.075,-3.636,-50.413,-3.443,-45.62,-3.116,912.603,1464.104,551.501,6,0,-814.193,192.408,-320.854,1.61,28.855,85.676,517.091,0.235,-18.175,-48.435,-38.235,-65.765,8,-8.241,140,53,16.19,-35.042,0.632,-4.207,0,-20.68,18.715,0,0.6,-3.986,-107.609,-4.438,-115.377,0,LHD131_relaxed_rank_1_model_5_AFrwc_0001_AFIA_0001,46.42857143,30.71428571,22.85714286,No,LHD,-2.611494812,86.61149219
0.89,0.879999995,95.62084615,132,1,1,-483.212,-3.717,-55.841,-3.86,-47.655,-3.294,735.86,1446.694,710.833,0,0,-776.904,202.288,-306.819,1.624,29.826,74.801,509.81,0.291,-14.889,-40.206,-45.446,-64.938,12,-4.206,130,50,15.453,-32.594,0.601,-4.17,0,-20.937,-10.075,0,0.733,-3.668,-84.372,-4.597,-124.13,0,LHD132_relaxed_rank_1_model_1_AFrwc_0001_AFIA_0001,50,28.46153846,21.53846154,No,LHD,-3.141369218,91.14136874
0.89,0.879999995,95.27946154,133,1,2,-485.776,-3.737,-61.157,-4.198,-56.508,-3.879,763.425,1456.692,693.267,3,0,-780.167,197.329,-307.352,1.64,31.127,73.419,515.666,0.223,-15.662,-39.447,-48.66,-66.787,12,-4.687,130,51,14.068,-30.461,0.676,-4.045,0,-19.787,-6.017,0,0.737,-3.808,-91.381,-4.257,-114.937,0,LHD133_relaxed_rank_1_model_2_AFrwc_0001_AFIA_0001,50.76923077,28.46153846,20.76923077,No,LHD,-3.340445338,91.34044486
0.82,0.75999999,86.53175532,134,1,3,-708.775,-3.77,-65.448,-3.532,-54.89,-2.962,982.735,1853.203,870.468,1,0,-1124.079,269.943,-450.412,2.321,40.422,121.865,689.06,0.221,-26.27,-61.835,-60.901,-88.827,12,-2.884,188,60,21.413,-56.802,0.574,-3.996,0,-24.513,42.725,0,0.714,-3.943,-122.222,-4.053,-117.55,0,LHD134_relaxed_rank_1_model_3_AFrwc_0001_AFIA_0001,51.06382979,30.31914894,18.61702128,No,LHD,-3.286256282,79.28625533
0.7,0.649999976,76.02606667,135,1,4,-511.157,-3.408,-60.334,-3.276,-50.237,-2.728,944.146,1841.732,897.586,10,0,-879.338,225.404,-375.411,1.932,35.971,106.06,586.9,0.343,-11.551,-51.155,-58.508,-70.995,15,1.299,150,62,23.964,-34.663,0.529,-3.683,0,-19.613,8.548,0,0.564,-3.637,-112.738,-3.729,-115.59,0,LHD135_relaxed_rank_1_model_4_AFrwc_0001_AFIA_0001,46,34,20,No,LHD,-3.17679228,68.1767899
0.71,0.660000026,76.09436364,136,1,4,-545.028,-3.303,-68.738,-3.521,-61.085,-3.129,1063.331,1952.441,889.11,2,0,-972.129,236.661,-397.145,2.005,38.288,116.364,650.488,0.236,-16.213,-53.139,-60.401,-83.362,15,-6.937,165,69,29.683,-29.218,0.472,-4.043,0,-16.109,16.137,0,0.609,-3.942,-130.079,-4.135,-148.857,0,LHD136_relaxed_rank_1_model_4_AFrwc_0001_AFIA_0001,50.3030303,33.93939394,15.75757576,No,LHD,-3.093614609,69.09361723
0.76,0.720000029,82.139,137,1,4,-607.083,-3.571,-69.818,-3.805,-63.571,-3.465,961.768,1834.841,873.072,0,0,-984.652,253.071,-394.964,1.938,35.857,102.783,627.083,0.205,-12.731,-54.595,-55.452,-85.575,11,-8.812,170,59,23.633,-35.588,0.408,-3.93,0,-16.355,-2.723,0,0.599,-4.149,-128.607,-3.689,-103.28,0,LHD137_relaxed_rank_1_model_4_AFrwc_0001_AFIA_0001,46.47058824,36.47058824,17.05882353,No,LHD,-3.022169223,75.02217208
0.84,0.769999981,88.87473404,138,1,4,-725.727,-3.86,-68.013,-4.491,-60.891,-4.021,868.673,1514.501,645.828,6,0,-1134.482,257.157,-433.523,2.353,38.488,116.414,680.26,0.193,-25.704,-59.199,-53.7,-91.353,11,-6.654,188,61,21.061,-58.375,0.669,-4.138,0,-26.819,48.348,0,0.749,-4.105,-139.566,-4.18,-112.873,0,LHD138_relaxed_rank_1_model_4_AFrwc_0001_AFIA_0001,51.06382979,30.85106383,18.08510638,No,LHD,-3.54572232,80.54572041
0.86,0.810000002,91.07710059,139,1,4,-616.784,-3.65,-53.735,-2.9,-46.799,-2.526,874.729,1852.944,978.215,9,0,-985.581,228.81,-403.04,1.915,34.033,102.431,634.888,0.243,-25.777,-57.179,-43.4,-79.172,11,-11.505,169,59,18.871,-46.009,0.614,-3.936,0,-20.192,34.123,0,0.517,-3.821,-103.172,-4.033,-129.058,0,LHD139_relaxed_rank_1_model_4_AFrwc_0001_AFIA_0001,46.74556213,33.13609467,20.1183432,No,LHD,-2.342218653,83.34221889
0.8,0.689999998,87.55887574,140,1,4,-611.678,-3.619,-48.567,-3.119,-38.192,-2.453,633.079,1556.974,923.895,4,0,-981.309,224.205,-398.983,1.95,35.934,108.902,627.23,0.324,-21.634,-57.039,-51.165,-78.208,12,-7.231,169,52,17.467,-46.907,0.584,-3.58,0,-19.72,34.83,0,0.535,-3.514,-80.832,-3.632,-105.334,0,LHD140_relaxed_rank_1_model_4_AFrwc_0001_AFIA_0001,47.92899408,35.50295858,16.56804734,No,LHD,-3.286182043,72.2861818
0.87,0.850000024,87.15103659,141,1,4,-607.574,-3.703,-84.936,-3.859,-73.331,-3.332,1171.622,2200.95,1029.328,1,0,-996.092,236.396,-385.6,2.073,37.412,110.512,627.988,0.244,-20.942,-48.678,-47.578,-81.079,18,-4.331,164,74,25.204,-47.618,0.508,-3.995,0,-32.01,16.77,0,0.657,-4.154,-178.618,-3.775,-117.024,0,LHD141_relaxed_rank_1_model_4_AFrwc_0001_AFIA_0001,48.7804878,29.87804878,21.34146341,No,LHD,-2.161702901,87.16170529
0.76,0.569999993,86.47295597,142,1,5,-575.754,-3.607,-36.136,-2.233,-22.556,-1.394,879.671,1618.41,738.739,9,0,-943.757,239.038,-392.36,2.035,37.438,92.288,635.418,0.483,-23.296,-42.868,-56.044,-78.945,9,-4.483,159,56,17.794,-39.315,0.583,-3.708,0,-20.51,1.813,0,0.509,-3.271,-78.498,-4.035,-129.133,0,LHD142_relaxed_rank_1_model_5_AFrwc_0001_AFIA_0001,50.31446541,31.44654088,18.23899371,No,LHD,-3.46290495,60.46290423
0.85,0.800000012,85.59178161,143,1,4,-634.95,-3.649,-79.844,-3.837,-71.804,-3.451,1146.27,2080.848,934.578,2,0,-1038.388,260.838,-438.317,2.237,41.472,106.689,690.965,0.249,-25.63,-52.681,-61.356,-84.969,16,-1.742,174,66,21.881,-43.079,0.609,-4.271,0,-24.609,11.739,0,0.66,-4.002,-124.073,-4.509,-157.825,0,LHD143_relaxed_rank_1_model_4_AFrwc_0001_AFIA_0001,50,33.90804598,16.09195402,No,LHD,-2.948605568,82.94860676
0.87,0.839999974,90.90765957,144,1,5,-733.913,-3.904,-62.182,-4.196,-59.339,-4.004,789.581,1481.988,692.406,1,0,-1143.731,264.267,-445.41,2.339,37.884,118.385,687.375,0.213,-25.049,-57.964,-59.204,-90.901,15,-5.769,188,61,21.858,-58.627,0.629,-4.34,0,-25.822,46.454,0,0.71,-4.252,-136.068,-4.438,-128.703,0,LHD144_relaxed_rank_1_model_5_AFrwc_0001_AFIA_0001,51.06382979,32.44680851,16.4893617,No,LHD,-3.994904142,87.99490152
0.76,0.639999986,81.50375,145,1,4,-652.8,-3.548,-57.961,-3.793,-56.05,-3.668,766.725,1528.059,761.335,2,0,-1078.11,266.843,-430.733,2.244,39.765,109.921,696.568,0.198,-20.573,-60.859,-44.42,-94.297,10,-8.993,184,61,26.909,-46.883,0.488,-3.792,0,-22.894,12.712,0,0.696,-3.999,-123.965,-3.578,-107.347,0,LHD145_relaxed_rank_1_model_4_AFrwc_0001_AFIA_0001,50,34.23913043,15.76086957,No,LHD,-2.906955818,66.90695439
0.82,0.709999979,82.24320755,146,1,2,-561.491,-3.532,-71.997,-2.996,-65.669,-2.733,1353.542,2402.802,1049.259,15,0,-970.715,213.447,-339.676,2.007,31.214,113.696,583.284,0.196,-23.647,-40.881,-38.66,-77.087,13,-8.907,159,76,23.915,-43.357,0.647,-3.841,0,-23.296,37.17,0,0.626,-2.908,-84.325,-4.417,-207.586,0,LHD146_relaxed_rank_1_model_2_AFrwc_0001_AFIA_0001,50.94339623,30.81761006,18.23899371,No,LHD,-1.608954879,72.60895273
0.86,0.819999993,90.07909574,147,1,4,-718.332,-3.821,-58.675,-3.757,-51.953,-3.326,841.009,1561.921,720.912,4,0,-1132.146,261.272,-424.537,2.31,39.207,113.208,680.944,0.192,-29.491,-60.094,-43.746,-90.158,9,-11.958,188,63,21.264,-59.189,0.624,-4.158,0,-30.622,45.402,0,0.779,-4.019,-132.62,-4.31,-129.308,0,LHD147_relaxed_rank_1_model_4_AFrwc_0001_AFIA_0001,50,32.44680851,17.55319149,No,LHD,-2.800781858,84.80078114
0.5,0.090000004,75.0897931,148,1,4,-477.317,-3.292,-12.389,-1.705,-7.727,-1.064,211.183,726.468,515.285,4,0,-795.49,218.428,-332.145,1.663,32.228,78.879,541.696,0.539,-16.515,-44.745,-42.302,-67.204,5,-11.428,145,27,22.978,-34.035,0.546,-2.905,0,-21.297,-8.028,0,0.4,-3.139,-53.365,-2.507,-25.071,0,LHD148_relaxed_rank_1_model_4_AFrwc_0001_AFIA_0001,45.51724138,35.17241379,19.31034483,No,LHD,-5.822968114,14.82296847
0.69,0.49000001,84.07319149,149,1,5,-691.99,-3.681,-33.064,-2.528,-27.992,-2.141,560.213,1307.682,747.47,4,0,-1099.445,270.544,-454.344,2.228,40.869,100.536,732.83,0.444,-30.653,-58.426,-69.992,-93.513,9,-6.145,188,50,23.341,-55.409,0.576,-3.413,0,-18.081,23.669,0,0.327,-3.462,-90.003,-3.36,-80.645,0,LHD149_relaxed_rank_1_model_5_AFrwc_0001_AFIA_0001,51.06382979,30.85106383,18.08510638,No,LHD,-5.352371601,54.35237255
0.92,0.910000026,97.50114286,150,1,5,-515.885,-3.685,-62.981,-3.823,-58.053,-3.524,779.381,1647.348,867.967,4,0,-834.139,195.634,-320.003,1.584,28.858,84.777,530.542,0.256,-20.085,-47.659,-40.619,-66.573,12,-9.797,140,54,18.24,-31.076,0.633,-4.405,0,-19.361,13.792,0,0.74,-4.531,-122.329,-4.28,-115.551,0,LHD150_relaxed_rank_1_model_5_AFrwc_0001_AFIA_0001,47.14285714,32.14285714,20.71428571,No,LHD,-2.465720661,93.46572328
0.76,0.620000005,76.07554878,151,1,4,-492.532,-3.004,-42.309,-2.203,-25.764,-1.342,1006.202,1920.292,914.091,18,0,-982.336,266.328,-356.798,2.18,39.591,114.572,673.201,0.368,-14.246,-41.582,-55.36,-82.91,8,-11.284,164,65,25.2,-40.808,0.545,-2.503,0,-22.911,-5.371,0,0.583,-3.302,-115.578,-1.572,-47.149,0,LHD151_relaxed_rank_1_model_4_AFrwc_0001_AFIA_0001,48.7804878,29.26829268,21.95121951,No,LHD,-2.882894893,64.88289537
0.82,0.779999971,88.05257143,152,1,3,-497.168,-3.551,-45.607,-2.92,-37.221,-2.383,892.054,1562.105,670.051,3,0,-799.823,191.092,-309.912,1.552,29.021,77.901,509.96,0.293,-20.233,-45.067,-32.226,-66.608,9,-6.957,140,52,13.584,-31.14,0.606,-3.937,0,-17.007,8.695,0,0.638,-3.948,-98.711,-3.926,-106.004,0,LHD152_relaxed_rank_1_model_3_AFrwc_0001_AFIA_0001,46.42857143,31.42857143,22.14285714,No,LHD,-2.062985523,80.06298266
0.77,0.699999988,85.47006452,153,1,1,-547.219,-3.53,-54.874,-3.574,-48.079,-3.132,736.022,1535.265,799.243,4,0,-903.93,218.719,-371.048,1.891,34.243,91.811,612.004,0.304,-16.091,-50.566,-44.608,-77.108,15,-9.351,155,54,22.601,-33.476,0.578,-3.867,0,-23.181,0.871,0,0.704,-3.702,-118.453,-4.107,-90.348,0,LHD153_relaxed_rank_1_model_1_AFrwc_0001_AFIA_0001,52.25806452,30.96774194,16.77419355,No,LHD,-2.905557021,72.90555583
0.6,0.319999993,71.09833333,154,1,2,-451.796,-3.005,-29.756,-2.095,-20.846,-1.468,673.224,1420.249,747.025,18,0,-849.036,212.256,-340.491,1.523,32.191,100.683,603.796,0.364,-16.36,-41.429,-44.68,-73.58,8,-6.094,150,52,24.177,-34.17,0.612,-2.862,0,-15.448,-5.134,0,0.571,-3.181,-85.874,-2.518,-62.962,0,LHD154_relaxed_rank_1_model_2_AFrwc_0001_AFIA_0001,45.33333333,32.66666667,22,No,LHD,-3.145927228,35.14592651
0.45,0.140000001,67.56653333,155,1,3,-400.561,-2.67,-3.065,-0.555,-1.285,-0.233,238.764,552.133,313.369,2,0,-861.421,251.246,-324.746,1.873,39.475,102.215,629.509,0.766,-15.166,-32.415,-42.626,-74.791,1,-14.707,150,24,22.113,-27.43,0.442,-2.037,0,-12.171,-41.519,0,0.275,-2.584,-31.008,-1.491,-17.887,0,LHD155_relaxed_rank_1_model_3_AFrwc_0001_AFIA_0001,50,30.66666667,19.33333333,No,LHD,-7.720241319,21.72024138
0.79,0.660000026,80.06660377,156,1,3,-561.783,-3.533,-52.076,-2.92,-39.819,-2.233,771.891,1783.364,1011.473,4,0,-938.708,231.487,-386.327,1.904,31.02,108.569,603.452,0.367,-19.843,-47.041,-50.617,-77.806,16,-1.68,159,63,25.325,-41.715,0.543,-3.934,0,-21.658,21.856,0,0.515,-3.492,-97.77,-4.288,-150.083,0,LHD156_relaxed_rank_1_model_3_AFrwc_0001_AFIA_0001,50.31446541,30.18867925,19.49685535,No,LHD,-2.838287641,68.83829026
0.87,0.829999983,93.9477931,157,1,5,-508.317,-3.506,-59.684,-3.877,-53.666,-3.486,687.642,1539.532,851.89,8,0,-828.19,211.931,-359.152,1.59,33.612,81.685,573.836,0.316,-20.547,-53.148,-45.757,-66.608,15,-5.471,145,54,20.76,-32.739,0.487,-3.949,0,-19.885,-0.235,0,0.665,-4.033,-112.932,-3.859,-100.333,0,LHD157_relaxed_rank_1_model_5_AFrwc_0001_AFIA_0001,44.13793103,35.86206897,20,No,LHD,-2.972136987,85.97213532
0.88,0.850000024,94.27957143,158,1,5,-501.365,-3.581,-59.055,-3.744,-49.08,-3.112,729.197,1577.306,848.109,9,0,-812.207,197.714,-313.483,1.501,30.319,71.744,540.479,0.315,-16.6,-48.32,-38.453,-66.572,12,-11.192,140,54,14.875,-31.259,0.584,-4.095,0,-18.629,-1.283,0,0.662,-3.992,-107.772,-4.198,-113.333,0,LHD158_relaxed_rank_1_model_5_AFrwc_0001_AFIA_0001,47.85714286,33.57142857,18.57142857,No,LHD,-2.437890936,87.43789332
0.54,0.219999999,58.43675,159,1,4,-412.645,-2.577,-42.454,-2.932,-36.795,-2.541,658.811,1447.933,789.122,1,0,-925.721,253.879,-359.111,2.137,40.58,111.984,647.186,0.218,-13.567,-39.333,-43.762,-79.244,8,-14.375,160,54,43.573,-23.667,0.558,-2.63,0,-3.751,-9.454,0,0.686,-3.834,-126.52,-0.737,-15.487,0,LHD159_relaxed_rank_1_model_4_AFrwc_0001_AFIA_0001,50.625,23.75,25.625,No,LHD,-3.022377417,25.0223773
0.89,0.860000014,95.29385714,160,1,5,-483.732,-3.455,-50.945,-3.234,-41.569,-2.639,783.201,1575.26,792.059,5,0,-814.944,196.375,-310.566,1.499,28.756,84.088,533.757,0.383,-15.597,-48.212,-39.775,-65.632,13,-9.454,140,51,17.414,-30.14,0.673,-3.888,0,-16.454,5.152,0,0.692,-3.638,-90.94,-4.129,-107.342,0,LHD160_relaxed_rank_1_model_5_AFrwc_0001_AFIA_0001,47.85714286,32.14285714,20,No,LHD,-2.524980003,88.52498143
0.75,0.670000017,81.37151515,161,1,3,-526.364,-3.19,-37.903,-2.312,-29.238,-1.783,623.589,1639.546,1015.956,7,0,-964.969,252.242,-392.164,1.887,39.621,108.223,679.277,0.484,-18.327,-52.6,-47.405,-82.048,13,-7.984,165,51,18.047,-31.397,0.532,-3.094,0,-13.988,-14.779,0,0.545,-2.97,-71.279,-3.205,-86.523,0,LHD161_relaxed_rank_1_model_3_AFrwc_0001_AFIA_0001,47.27272727,36.96969697,15.75757576,No,LHD,-2.891349191,69.89135086
0.62,0.389999986,73.24692308,162,1,2,-496.411,-2.937,-37.417,-2.498,-29.614,-1.977,698.533,1497.946,799.414,13,0,-965.171,239.67,-352.227,2.012,38.872,108.421,649.212,0.389,-23.149,-44.443,-48.976,-75.637,9,-15.23,169,56,20.716,-35.721,0.611,-3.083,0,-14.408,19.65,0,0.544,-3.581,-89.519,-2.681,-83.102,0,LHD162_relaxed_rank_1_model_2_AFrwc_0001_AFIA_0001,43.78698225,30.17751479,26.03550296,No,LHD,-3.269543762,42.26954233
0.57,0.209999993,70.85301775,163,1,4,-551.739,-3.265,-16.742,-1.34,-12.942,-1.036,647.911,1249.143,601.232,21,0,-1005.284,253.916,-360.595,1.977,39.501,108.673,655.161,0.257,-20.425,-42.9,-54.163,-85.422,4,-10.587,169,49,25.802,-44.795,0.502,-2.792,0,-22.829,10.233,0,0.389,-3.078,-83.101,-2.441,-53.713,0,LHD163_relaxed_rank_1_model_4_AFrwc_0001_AFIA_0001,50.88757396,28.40236686,20.71005917,No,LHD,-4.33601277,25.33601211
0.61,0.370000005,76.9022,164,1,2,-498.762,-3.325,-37.485,-2.685,-34.91,-2.5,629.211,1396.165,766.954,15,0,-862.41,202.576,-345.534,1.535,31.897,91.641,604.645,0.296,-19.322,-45.457,-38.926,-73.202,11,-11.492,150,44,21.887,-34.56,0.597,-3.579,0,-20.835,-1.203,0,0.511,-3.638,-83.665,-3.515,-73.814,0,LHD164_relaxed_rank_1_model_2_AFrwc_0001_AFIA_0001,45.33333333,32.66666667,22,No,LHD,-2.78806588,39.78806636
0.65,0.469999999,80.164,165,1,5,-463.471,-3.196,-36.709,-3.749,-33.881,-3.461,305.715,979.039,673.324,3,0,-805.497,229.003,-331.708,1.686,32.98,88.088,548.807,0.494,-13.464,-46.341,-46.734,-66.039,11,-8.996,145,32,24.618,-34.33,0.531,-3.724,0,-22.318,-13.226,0,0.631,-3.787,-68.173,-3.642,-50.989,0,LHD165_relaxed_rank_1_model_5_AFrwc_0001_AFIA_0001,45.51724138,35.17241379,19.31034483,No,LHD,-4.77345642,51.7734563
0.72,0.639999986,79.28696774,166,1,3,-540.009,-3.484,-51.556,-3.22,-49.896,-3.117,719.462,1600.899,881.436,3,0,-911.807,236.992,-382.32,1.89,36.478,100.386,624.79,0.254,-20.548,-48.351,-49.499,-79.195,14,-3.489,155,58,20.916,-36.163,0.492,-4.012,0,-25.028,-5.061,0,0.537,-4.028,-112.774,-3.998,-119.941,0,LHD166_relaxed_rank_1_model_3_AFrwc_0001_AFIA_0001,49.67741935,30.32258065,20,Yes,LHD,-3.09195021,67.09194878
0.85,0.850000024,93.0485,167,1,5,-494.748,-3.532,-56.016,-3.983,-49.792,-3.54,697.449,1406.402,708.953,3,0,-843.462,219.406,-348.951,1.662,32.524,85.305,592.802,0.316,-18.685,-40.981,-49.6,-70.331,15,-3.249,140,52,17.933,-30.087,0.578,-3.872,0,-21.401,-17.632,0,0.743,-3.836,-107.401,-3.915,-93.952,0,LHD167_relaxed_rank_1_model_5_AFrwc_0001_AFIA_0001,48.57142857,29.28571429,22.14285714,No,LHD,-3.526729911,88.52673229
0.85,0.800000012,91.15952663,168,1,1,-616.534,-3.648,-63.555,-3.488,-54.555,-2.994,903.661,1822.018,918.358,3,0,-990.14,214.705,-379.947,1.913,31.025,101.809,622.024,0.284,-20.682,-56.236,-49.607,-79.477,13,-11.833,169,66,16.882,-45.511,0.647,-3.903,0,-22.492,51.032,0,0.643,-3.615,-122.894,-4.209,-134.674,0,LHD168_relaxed_rank_1_model_1_AFrwc_0001_AFIA_0001,48.52071006,31.36094675,20.1183432,No,LHD,-2.722640501,82.72264169
0.52,0.219999999,71.76420118,169,1,4,-560.726,-3.321,-6.907,-1.492,-4.873,-1.053,232.164,462.932,230.767,3,0,-950.701,222.612,-363.946,1.921,34.812,108.713,597.769,0.378,-23.274,-47.163,-43.553,-76.157,2,-15.123,169,27,18.324,-43.138,0.638,-2.366,0,-22.66,40.837,0,0.355,-1.511,-21.161,-3.287,-42.729,0,LHD169_relaxed_rank_1_model_4_AFrwc_0001_AFIA_0001,47.92899408,31.36094675,20.71005917,No,LHD,-9.408077212,31.40807709
0.8,0.689999998,88.65183432,170,1,2,-642.346,-3.801,-41.99,-3.676,-35.858,-3.14,532.264,1142.125,609.861,2,0,-965.624,218.172,-385.534,1.866,34.419,93.254,609.784,0.353,-24.033,-55.257,-51.958,-80.319,11,-9.17,169,45,16.644,-50.813,0.718,-4.362,0,-27.098,33.321,0,0.642,-4.376,-96.271,-4.349,-100.026,0,LHD170_relaxed_rank_1_model_2_AFrwc_0001_AFIA_0001,48.52071006,32.5443787,18.93491124,No,LHD,-4.549239356,73.54923912
0.89,0.879999995,93.3283432,171,1,3,-637.034,-3.77,-48.204,-3.859,-44.264,-3.543,585.42,1249.182,663.762,5,0,-974.841,220.595,-376.051,1.899,34.894,98.574,599.711,0.303,-25.05,-56.025,-47.548,-81.589,11,-9.725,169,51,18.951,-50.72,0.701,-4.647,0,-27.75,37.643,0,0.753,-4.671,-102.76,-4.629,-134.249,0,LHD171_relaxed_rank_1_model_3_AFrwc_0001_AFIA_0001,47.92899408,31.95266272,20.1183432,No,LHD,-3.806330863,91.80633039
0.7,0.469999999,79.94637931,172,1,4,-607.948,-3.494,-29.245,-2.455,-27.006,-2.267,448.995,1191.412,742.416,6,0,-996.411,243.732,-395.829,2.009,39.344,99.356,666.354,0.333,-18.793,-55.952,-60.244,-84.058,8,-4.891,174,48,23.278,-48.865,0.572,-3.708,0,-25.43,8.453,0,0.603,-3.784,-98.393,-3.618,-79.585,0,LHD172_relaxed_rank_1_model_4_AFrwc_0001_AFIA_0001,47.12643678,32.18390805,20.68965517,No,LHD,-5.05652117,52.05652105
0.77,0.670000017,80.81923077,173,1,5,-676.115,-3.467,-43.277,-2.785,-41.217,-2.652,792.101,1553.966,761.865,5,0,-1130.259,238.192,-393.225,2.443,38.214,126.372,681.131,0.121,-27.919,-50.335,-40.565,-91.17,5,-24.377,195,70,25.089,-49.594,0.56,-3.683,0.161,-28.536,48.262,0,0.593,-4.137,-140.669,-3.253,-117.108,0,LHD173_relaxed_rank_1_model_5_AFrwc_0001_AFIA_0001,49.74358974,25.12820513,25.12820513,No,LHD,-2.610417474,69.61041914
0.77,0.579999983,84.19819512,174,1,5,-772.739,-3.769,-51.046,-3.021,-45.84,-2.713,729.227,1689.455,960.228,8,0,-1207.39,282.283,-484.81,2.336,47.215,124.89,763.323,0.368,-32.741,-60.04,-60.607,-102.396,14,-7.501,205,58,30.919,-55.391,0.484,-3.905,0.19,-39.18,26.16,0,0.613,-4.033,-129.044,-3.748,-97.447,0,LHD174_relaxed_rank_1_model_5_AFrwc_0001_AFIA_0001,50.24390244,28.29268293,21.46341463,No,LHD,-3.587369891,61.58736822
0.9,0.889999986,93.25852071,175,1,1,-618.656,-3.665,-75.335,-3.628,-65.584,-3.158,1140.774,2076.505,935.731,3,0,-986.525,209.704,-381.881,1.874,32.861,98.472,625.643,0.26,-24.604,-57.139,-50.478,-75.56,15,-10.205,169,73,16.204,-44.808,0.661,-3.91,0,-24.56,52.347,0,0.641,-3.836,-141.943,-3.985,-143.475,0,LHD175_relaxed_rank_1_model_1_AFrwc_0001_AFIA_0001,47.92899408,31.95266272,20.1183432,Yes,LHD,-2.430911556,91.43091013
0.57,0.310000002,70.04461538,176,1,2,-544.011,-3.219,-42.242,-2.709,-36.87,-2.365,896.704,1559.205,662.502,5,0,-993.986,226.234,-367.663,2.086,34.509,131.198,614.389,0.197,-24.197,-51.106,-42.8,-77.893,6,-13.7,169,57,28.719,-44.712,0.612,-3.52,0,-18.135,53.044,0,0.55,-3.189,-89.297,-3.839,-111.344,0,LHD176_relaxed_rank_1_model_2_AFrwc_0001_AFIA_0001,47.92899408,31.36094675,20.71005917,No,LHD,-2.744988632,33.74498887
0.79,0.709999979,84.03839779,177,1,5,-625.654,-3.457,-51.233,-3.179,-48.007,-2.979,642.616,1611.619,969.003,4,0,-1037.708,233.348,-424.102,1.913,38.097,109.424,700.602,0.369,-23.379,-48.005,-56.985,-85.44,17,-9.353,181,59,26.013,-35.695,0.469,-3.926,0.027,-22.615,8.207,0,0.576,-4.124,-136.079,-3.675,-95.547,0,LHD177_relaxed_rank_1_model_5_AFrwc_0001_AFIA_0001,51.93370166,28.17679558,19.88950276,No,LHD,-3.535885343,74.5358832
0.5,0.140000001,74.03883871,178,1,3,-487.702,-3.146,-16.217,-2.162,-11.702,-1.56,330.807,749.948,419.141,12,0,-856.217,210.088,-317.495,1.616,31.889,89.5,557.296,0.227,-16.856,-41.097,-38.019,-71.103,3,-13.895,155,35,20.976,-37.814,0.61,-3.083,0,-15.442,8.873,0,0.56,-2.138,-32.072,-3.792,-75.839,0,LHD178_relaxed_rank_1_model_3_AFrwc_0001_AFIA_0001,44.51612903,35.48387097,20,No,LHD,-5.069551489,19.06955155
0.82,0.810000002,89.16692308,179,1,3,-630.345,-3.73,-48.51,-4.258,-45.614,-4.003,499.309,1139.352,640.043,0,0,-965.126,223.682,-380.977,1.916,33.582,95.166,599.12,0.342,-26.24,-55.915,-48.16,-81.082,13,-10.849,169,50,19.207,-48.564,0.626,-4.61,0,-23.95,37.845,0,0.725,-4.426,-97.377,-4.754,-133.115,0,LHD179_relaxed_rank_1_model_3_AFrwc_0001_AFIA_0001,47.92899408,31.95266272,20.1183432,Yes,LHD,-4.226964099,85.22696434
0.82,0.730000019,91.26278107,180,1,4,-636.926,-3.769,-39.194,-3.131,-35.507,-2.837,589.624,1251.674,662.05,6,0,-984.772,229.5,-384.326,1.938,34.444,100.949,602.142,0.235,-24.999,-54.58,-47.61,-79.386,7,-10.985,169,48,19.426,-48.148,0.588,-4.27,0,-24.94,34.419,0,0.633,-4.283,-98.516,-4.257,-106.422,0,LHD180_relaxed_rank_1_model_4_AFrwc_0001_AFIA_0001,47.92899408,31.95266272,20.1183432,No,LHD,-3.803706077,76.80370798
0.67,0.409999996,79.17637931,181,1,2,-615.372,-3.537,-37.397,-2.624,-29.123,-2.044,503.219,1425.083,921.864,11,0,-1016.757,251.358,-404.477,2.082,37.618,107.286,656.479,0.436,-21.546,-51.044,-59.971,-83.062,13,-4.983,174,52,20.636,-45.81,0.546,-3.401,0,-18.613,15.433,0,0.447,-3.851,-103.981,-2.914,-72.846,0,LHD181_relaxed_rank_1_model_2_AFrwc_0001_AFIA_0001,47.70114943,32.18390805,20.11494253,No,LHD,-4.208246116,45.20824576
0.79,0.689999998,86.35153846,182,1,1,-616.848,-3.65,-53.193,-2.905,-47.969,-2.62,1015.732,1830.906,815.175,9,0,-988.545,210.455,-372.76,1.859,31.558,93.109,617.684,0.174,-23.611,-54.753,-46.137,-79.053,7,-13.022,169,61,16.621,-45.068,0.614,-3.785,0,-18.163,52.979,0,0.554,-3.307,-99.219,-4.248,-131.69,0,LHD182_relaxed_rank_1_model_1_AFrwc_0001_AFIA_0001,48.52071006,30.76923077,20.71005917,No,LHD,-2.519899984,71.51989975
0.61,0.479999989,68.15226519,183,1,3,-573.74,-3.17,-41.233,-2.809,-35.925,-2.447,584.91,1468.136,883.226,5,0,-1044.09,240.606,-407.185,1.951,37.044,120.65,713.561,0.335,-25.096,-43.543,-51.654,-85.77,11,-13.1,181,54,26.957,-36.963,0.481,-3.301,0.052,-19.119,11.959,0,0.505,-3.366,-94.235,-3.233,-84.045,0,LHD183_relaxed_rank_1_model_3_AFrwc_0001_AFIA_0001,49.17127072,25.96685083,24.86187845,No,LHD,-3.5183389,51.51833783
0.89,0.879999995,94.10023669,184,1,4,-641.367,-3.795,-56.799,-4.821,-52.557,-4.461,567.462,1178.174,610.712,0,0,-980.814,221.952,-389.713,1.922,34.677,101.895,608.862,0.317,-23.524,-55.338,-55.035,-79.055,14,-5.295,169,50,18.124,-49.033,0.693,-4.551,0,-26.231,35.236,0,0.783,-4.424,-106.178,-4.669,-121.396,0,LHD184_relaxed_rank_1_model_4_AFrwc_0001_AFIA_0001,48.52071006,31.95266272,19.52662722,Yes,LHD,-4.671211553,92.67121108
0.61,0.330000013,80.75727811,185,1,3,-622.258,-3.682,-32.251,-2.978,-27.204,-2.512,515.539,1082.915,567.376,9,0,-967.6,222.441,-371.118,1.948,33.655,93.561,599.416,0.307,-24.37,-55.173,-41.802,-80.875,8,-13.844,169,43,18.573,-49.805,0.655,-4.138,0,-25.662,38.398,0,0.536,-4.143,-87.013,-4.133,-90.916,0,LHD185_relaxed_rank_1_model_3_AFrwc_0001_AFIA_0001,48.52071006,31.95266272,19.52662722,No,LHD,-3.860136761,36.86013807
0.83,0.75999999,89.18147929,186,1,3,-628.433,-3.719,-48.106,-3.995,-42.949,-3.567,565.423,1204.138,638.715,3,0,-968.574,226.212,-383.887,1.958,34.664,91.552,605.727,0.38,-24.708,-57.421,-47.672,-80.543,12,-10.342,169,47,17.975,-50.197,0.605,-4.527,0,-23.033,39.857,0,0.646,-4.357,-95.859,-4.676,-116.896,0,LHD186_relaxed_rank_1_model_3_AFrwc_0001_AFIA_0001,47.92899408,31.95266272,20.1183432,No,LHD,-3.959014664,79.95901371
0.55,0.230000004,78.73556213,187,1,4,-626.957,-3.71,-30.723,-2.563,-28.176,-2.351,589.708,1198.622,608.914,2,0,-955.618,213.74,-367.46,1.876,34.61,92.361,592.544,0.264,-21.499,-57.307,-49.435,-80.389,7,-11.377,169,45,17.656,-47.748,0.572,-4.004,0,-25.552,36.641,0,0.605,-3.832,-84.313,-4.169,-95.882,0,LHD187_relaxed_rank_1_model_4_AFrwc_0001_AFIA_0001,47.92899408,33.13609467,18.93491124,No,LHD,-4.124319427,27.12431984
0.87,0.819999993,92.64680473,188,1,5,-637.246,-3.771,-59.608,-3.819,-51.227,-3.282,661.251,1560.655,899.404,1,0,-998.908,222.508,-410.7,1.846,35.225,103.532,645.127,0.315,-29.089,-56.926,-50.274,-78.819,14,-10.054,169,53,19.936,-43.45,0.653,-4.035,0,-13.838,26.638,0,0.729,-3.856,-107.962,-4.235,-105.882,0,LHD188_relaxed_rank_1_model_5_AFrwc_0001_AFIA_0001,47.33727811,31.95266272,20.71005917,No,LHD,-3.221339758,85.22133904
0.41,0.159999996,45.24642857,25,1,3,-344.629,-2.464,-72.657,-2.519,-57.563,-1.996,1957.485,2884.178,926.692,12,0,-797.675,216.082,-300.428,1.566,32.978,105.925,563.742,0.172,-12.593,-32.13,-31.746,-75.599,10,-4.102,140,92,31.769,-27.106,0.479,-2.42,0,-16.392,1.079,0,0.617,-3.149,-163.748,-1.472,-58.897,0,LHD25_relaxed_rank_1_model_3_AFrwc_0001_AFIA_0001,50.71428571,27.85714286,21.42857143,No,LHD,-1.100694895,17.10069454
0.55,0.330000013,72.355875,26,1,5,-545.763,-3.411,-61.448,-3.447,-53.28,-2.989,895.633,1782.749,887.116,10,0,-925.956,220.643,-367.827,1.717,35.168,97.051,609.172,0.262,-11.305,-55.058,-51.876,-77.273,13,-4.472,160,53,32.066,-37.07,0.561,-3.292,0,-16.4,5.657,0,0.636,-3.124,-78.091,-3.443,-96.391,0,LHD26_relaxed_rank_1_model_5_AFrwc_0001_AFIA_0001,44.375,36.25,19.375,No,LHD,-2.909888044,35.90988935
0.83,0.790000021,88.23165517,27,1,4,-530.407,-3.658,-63.062,-3.312,-58.736,-3.085,884.981,1903.869,1018.888,5,0,-847.953,207.419,-325.112,1.721,34.653,86.414,531.853,0.233,-9.984,-50.837,-50.893,-71.986,12,-4.308,145,60,21.597,-36.543,0.55,-4.056,0,-26.054,9.608,0,0.6,-3.977,-127.268,-4.146,-116.08,0,LHD27_relaxed_rank_1_model_4_AFrwc_0001_AFIA_0001,47.5862069,33.10344828,19.31034483,No,LHD,-2.673135599,81.67313774
0.43,0.289999992,59.39767742,28,1,4,-473.522,-3.055,-51.899,-3.152,-44.44,-2.699,891.832,1646.515,754.683,10,0,-880.163,239.653,-382.457,1.702,38.734,99.282,650.179,0.28,-17.043,-48.754,-48.63,-74.458,15,-4.156,155,60,23.26,-33.009,0.569,-3.297,0,-16.851,-20.812,0,0.641,-3.504,-105.115,-3.089,-92.681,0,LHD28_relaxed_rank_1_model_4_AFrwc_0001_AFIA_0001,46.4516129,34.19354839,19.35483871,No,LHD,-2.9535109,31.95351007
0.84,0.790000021,91.19923077,29,1,4,-468.587,-3.605,-63.91,-3.546,-57.869,-3.211,933.267,1802.505,869.238,6,0,-758.985,177.295,-278.039,1.554,31.69,73.185,463.531,0.225,-9.115,-38.406,-42.39,-63.079,11,-6.337,130,64,17.574,-30.729,0.531,-3.963,0,-20.643,14.307,0,0.663,-4.099,-127.082,-3.835,-126.547,0,LHD29_relaxed_rank_1_model_4_AFrwc_0001_AFIA_0001,50.76923077,28.46153846,20.76923077,Yes,LHD,-2.35172718,81.35172933
0.82,0.75,89.76515385,30,1,5,-470.558,-3.62,-64.763,-3.768,-61.159,-3.558,1013.406,1718.819,705.413,2,0,-791.832,193.878,-285.677,1.593,31.196,88.07,488.769,0.211,-11.03,-39.076,-47.696,-63.156,12,-5.157,130,63,14.818,-29.919,0.562,-3.971,0,-22.223,6.883,0,0.726,-3.772,-113.156,-4.152,-137.005,0,LHD30_relaxed_rank_1_model_5_AFrwc_0001_AFIA_0001,50,28.46153846,21.53846154,No,LHD,-2.774928599,77.7749286
0.86,0.819999993,92.91221429,31,1,4,-506.012,-3.614,-47.619,-3.035,-40.988,-2.612,699.467,1569.219,869.751,2,0,-806.783,194.503,-312.847,1.48,28.64,78.384,528.655,0.274,-16.698,-47.018,-47.872,-66.63,11,-9.284,140,48,14.91,-31.351,0.601,-4.067,0,-16.934,2.833,0,0.628,-4.009,-88.197,-4.117,-107.031,0,LHD31_relaxed_rank_1_model_4_AFrwc_0001_AFIA_0001,47.85714286,33.57142857,18.57142857,No,LHD,-3.050689547,85.05068883
0.61,0.50999999,66.52525926,32,1,4,-411.19,-3.047,-60,-3.623,-51.98,-3.139,863.275,1656.04,792.765,5,0,-777.493,218.636,-289.348,1.639,33.525,89.081,511.482,0.201,-8.373,-32.499,-45.142,-69.021,12,-3.919,135,59,20.046,-30.043,0.537,-3.337,0,-20.436,-9.327,0,0.558,-2.985,-80.587,-3.634,-116.298,0,LHD32_relaxed_rank_1_model_4_AFrwc_0001_AFIA_0001,48.88888889,31.11111111,20,No,LHD,-2.725900341,53.72589939
0.84,0.800000012,91.67764286,33,1,5,-518.55,-3.704,-67.445,-4.276,-60.916,-3.862,787.841,1577.241,789.401,5,0,-826.592,198.083,-330.702,1.466,29.379,84.266,539.991,0.271,-21.959,-48.049,-43.267,-66.64,15,-6.568,140,54,16.72,-32.771,0.651,-4.249,0,-20.262,8.354,0,0.703,-4.359,-108.965,-4.154,-120.458,0,LHD33_relaxed_rank_1_model_5_AFrwc_0001_AFIA_0001,47.14285714,32.14285714,20.71428571,No,LHD,-2.743207918,82.74320911
0.9,0.889999986,95.12484615,34,1,4,-484.633,-3.728,-69.829,-4.01,-66.825,-3.838,970.337,1741.184,770.847,0,0,-782.477,181.113,-284.815,1.571,28.844,79.913,471.27,0.165,-11.459,-38.101,-38.419,-64.495,13,-5.316,130,62,16.149,-33.762,0.572,-4.24,0,-20.547,15.897,0,0.778,-4.291,-128.718,-4.192,-134.132,0,LHD34_relaxed_rank_1_model_4_AFrwc_0001_AFIA_0001,50.76923077,27.69230769,21.53846154,No,LHD,-2.20648708,91.20648565
0.77,0.680000007,87.14661538,35,1,5,-469.782,-3.614,-69.352,-3.672,-59.477,-3.149,996.433,1888.766,892.333,7,0,-773.585,184.184,-272.255,1.697,30.525,78.669,472.723,0.294,-11.306,-37.004,-52.741,-64.772,12,-3.051,130,65,17.374,-36.083,0.476,-3.89,0,-23.494,19.338,0,0.647,-3.893,-128.461,-3.887,-124.398,0,LHD35_relaxed_rank_1_model_5_AFrwc_0001_AFIA_0001,50.76923077,27.69230769,21.53846154,No,LHD,-2.792352255,70.79235297
0.86,0.819999993,93.44657143,36,1,5,-496.555,-3.547,-54.839,-3.266,-44.604,-2.656,667.237,1679.247,1012.01,5,0,-811.572,204.584,-333.217,1.54,31.307,80.752,552.428,0.416,-20.278,-48.344,-48.449,-64.85,17,-6.794,140,54,15.406,-30.852,0.546,-3.794,0,-18.513,0.297,0,0.606,-3.743,-93.577,-3.837,-111.286,0,LHD36_relaxed_rank_1_model_5_AFrwc_0001_AFIA_0001,46.42857143,32.14285714,21.42857143,No,LHD,-2.885162219,84.8851615
0.89,0.870000005,93.37238462,37,1,5,-487.583,-3.751,-74.447,-4.034,-69.364,-3.758,900.875,1845.539,944.664,0,0,-765.32,185.597,-291.804,1.532,30.439,74.159,489.603,0.278,-8.967,-36.378,-58.242,-64.433,19,-1.92,130,65,15.441,-31.933,0.604,-4.158,0,-24.939,-0.418,0,0.699,-4.181,-129.609,-4.137,-140.651,0,LHD37_relaxed_rank_1_model_5_AFrwc_0001_AFIA_0001,50,27.69230769,22.30769231,No,LHD,-3.155826022,90.1558265
0.84,0.800000012,90.64728571,38,1,5,-518.014,-3.7,-55.718,-3.287,-49.53,-2.922,824.234,1695.239,871.005,8,0,-826.593,192.216,-333.562,1.492,31.958,80.398,550.204,0.298,-19.249,-45.158,-49.603,-66.532,15,-6.394,140,56,14.922,-34.624,0.63,-4.075,0,-17.632,10.143,0,0.663,-4.234,-110.086,-3.937,-118.123,0,LHD38_relaxed_rank_1_model_5_AFrwc_0001_AFIA_0001,47.14285714,32.14285714,20.71428571,No,LHD,-2.926018101,82.92601929
0.81,0.75,88.65861538,39,1,5,-467.315,-3.595,-57.269,-3.129,-48.762,-2.664,969.801,1830.226,860.424,4,0,-765.736,191.703,-295.662,1.557,27.552,74.922,493.652,0.358,-13.598,-34.456,-36.793,-63.889,13,-6.729,130,56,13.49,-30.367,0.6,-3.715,0,-21.252,-1.709,0,0.596,-3.743,-97.316,-3.691,-110.718,0,LHD39_relaxed_rank_1_model_5_AFrwc_0001_AFIA_0001,49.23076923,28.46153846,22.30769231,No,LHD,-2.010298182,77.01029818
0.8,0.800000012,85.11585714,40,1,5,-493.655,-3.527,-62.826,-3.884,-51.581,-3.189,821.525,1617.707,796.182,1,0,-819.594,213.726,-349.052,1.598,34.652,78.293,570.844,0.29,-13.722,-41.725,-50.612,-69.555,14,-2.494,140,61,18.533,-31.33,0.547,-3.914,0,-22.357,-10.86,0,0.647,-4.086,-126.668,-3.737,-112.104,0,LHD40_relaxed_rank_1_model_5_AFrwc_0001_AFIA_0001,49.28571429,29.28571429,21.42857143,No,LHD,-3.128625888,83.12862708
0.81,0.769999981,85.579,41,1,4,-509.252,-3.638,-67.181,-3.699,-62.458,-3.439,951.137,1816.069,864.932,1,0,-816.464,208.384,-368.89,1.581,33.452,81.217,576.499,0.197,-15.895,-41.142,-51.855,-70.714,12,0.092,140,64,18.908,-29.283,0.56,-4.039,0,-18.71,-16.43,0,0.677,-3.969,-126.997,-4.11,-131.513,0,LHD41_relaxed_rank_1_model_4_AFrwc_0001_AFIA_0001,50,29.28571429,20.71428571,No,LHD,-2.855343051,79.85534114
0.53,0.280000001,54.0284375,42,1,3,-426.004,-2.663,-27.728,-1.612,-17.911,-1.041,899.287,1720.052,820.765,17,0,-975.069,271.784,-371.099,1.931,44.791,149.407,669.247,0.41,-12.572,-33.93,-50.634,-83.218,6,-3.643,160,64,27.321,-29.55,0.579,-2.515,0,-5.439,-25.331,0,0.664,-1.996,-61.886,-3.003,-99.093,0,LHD42_relaxed_rank_1_model_3_AFrwc_0001_AFIA_0001,48.75,31.875,19.375,No,LHD,-2.943748212,30.94374833
0.83,0.790000021,88.43119565,43,1,4,-688.915,-3.744,-58.962,-3.189,-52.038,-2.815,790.287,1848.794,1058.507,8,0,-1103.519,289.254,-456.848,2.141,43.668,109.489,724.343,0.374,-24.691,-61.968,-71.395,-90.272,17,-6.649,184,60,21.771,-45.094,0.587,-3.713,0,-23.548,4.404,0,0.653,-3.656,-109.677,-3.77,-113.107,0,LHD43_relaxed_rank_1_model_4_AFrwc_0001_AFIA_0001,50,33.15217391,16.84782609,No,LHD,-3.861706604,82.86170875
0.75,0.620000005,87.97848276,44,1,5,-520.264,-3.588,-45.256,-2.938,-38.946,-2.528,521.877,1540.422,1018.545,6,0,-820.773,206.25,-355.494,1.644,33.168,83.374,554.975,0.393,-18.187,-50.238,-51.716,-66.092,14,-3.166,145,45,19.22,-37.278,0.591,-4.059,0,-25.164,9.213,0,0.529,-4.183,-96.205,-3.929,-86.437,0,LHD44_relaxed_rank_1_model_5_AFrwc_0001_AFIA_0001,46.20689655,35.17241379,18.62068966,No,LHD,-3.357261841,65.35726232
0.56,0.25999999,74.73441379,45,1,4,-475.404,-3.28,-27.378,-2.156,-23.718,-1.867,510.381,1270.027,759.646,6,0,-814.973,219.51,-328.259,1.641,33.828,87.093,548.659,0.342,-15.192,-45.068,-45.629,-64.536,9,-8.878,145,44,15.262,-32.844,0.545,-3.532,0,-20.293,-5.724,0,0.446,-3.231,-71.083,-3.834,-84.339,0,LHD45_relaxed_rank_1_model_4_AFrwc_0001_AFIA_0001,46.20689655,35.17241379,18.62068966,No,LHD,-3.592758264,29.59275731
0.54,0.189999998,73.75344828,46,1,3,-465.166,-3.211,-24.6,-2.387,-19.667,-1.909,456.277,1030.437,574.159,8,0,-835.678,222.691,-323.455,1.718,36.42,92.673,546.078,0.229,-17.254,-43.128,-39.293,-63.33,6,-9.676,145,34,19.208,-34.456,0.668,-3.117,0,-20.188,2.504,0,0.514,-2.781,-44.493,-3.415,-61.476,0,LHD46_relaxed_rank_1_model_3_AFrwc_0001_AFIA_0001,44.82758621,36.55172414,18.62068966,No,LHD,-3.81323652,22.81323628
0.54,0.419999987,59.55433962,47,1,2,-502.051,-3.158,-119.161,-3.521,-109.883,-3.247,1837.34,3384.565,1547.225,13,0,-940.645,223.075,-327.22,1.955,32.53,118.105,577.743,0.198,-13.319,-46.815,-30.489,-75.861,19,-11.178,159,94,25.182,-41.13,0.588,-3.188,0,-26.726,32.743,0,0.679,-2.736,-90.301,-3.432,-209.335,0,LHD47_relaxed_rank_1_model_2_AFrwc_0001_AFIA_0001,50.94339623,31.44654088,17.61006289,No,LHD,-0.900824774,42.90082346
0.8,0.74000001,78.35553459,48,1,4,-569.055,-3.579,-63.819,-3.575,-56.342,-3.156,992.585,1784.97,792.386,4,0,-937.22,220.92,-370.597,1.893,34.146,111.716,600.708,0.226,-17.343,-46.023,-44.346,-75.837,11,-7.544,159,73,22.516,-45.945,0.568,-3.901,0,-27.168,11.068,0,0.667,-3.526,-109.305,-4.178,-175.468,0,LHD48_relaxed_rank_1_model_4_AFrwc_0001_AFIA_0001,49.05660377,30.18867925,20.75471698,No,LHD,-2.484411503,76.48441246
0.43,0.150000006,46.9235625,49,1,3,-389.145,-2.433,-20.878,-1.65,-13.311,-1.052,593.199,1265.386,672.186,12,0,-893.554,247.288,-319.398,1.954,38.302,102.878,624.621,0.41,-19.1,-31.433,-41.576,-83.493,5,-10.866,160,45,31.093,-25.463,0.51,-1.715,0,-3.756,-6.642,0,0.572,-2.708,-65.001,-0.579,-12.156,0,LHD49_relaxed_rank_1_model_3_AFrwc_0001_AFIA_0001,45.625,31.25,23.125,No,LHD,-3.285637742,18.28563834
0.61,0.550000012,66.67682759,50,1,5,-473.864,-3.27,-73.309,-3.865,-63.326,-3.338,1009.162,1896.873,887.711,9,0,-876.56,227.781,-349.792,1.556,36.527,106.329,611.334,0.237,-13.479,-37.482,-43.716,-72.641,13,-11.353,145,75,22.722,-30.597,0.445,-3.455,0,-17.397,-27.096,0,0.649,-3.424,-130.119,-3.486,-128.994,0,LHD50_relaxed_rank_1_model_5_AFrwc_0001_AFIA_0001,48.27586207,28.27586207,23.44827586,No,LHD,-2.304635049,57.30463624
0.52,0.270000011,51.8315625,51,1,3,-404.516,-2.528,-31.605,-2.184,-27.628,-1.909,647.577,1447.166,799.589,5,0,-904.38,259.371,-353.483,1.919,42.548,115.245,664.891,0.232,-10.307,-42.062,-40.758,-79.879,9,-9.696,160,53,27.981,-24.188,0.415,-2.755,0,-12.407,-39.309,0,0.624,-3.44,-103.203,-1.861,-42.811,0,LHD51_relaxed_rank_1_model_3_AFrwc_0001_AFIA_0001,47.5,35,17.5,No,LHD,-2.816401159,29.81640223
0.5,0.25,60.23911765,52,1,4,-503.23,-2.963,-45.357,-2.544,-41.37,-2.321,906.943,1782.574,875.631,9,0,-980.744,246.255,-372.826,2.052,36.761,120.025,653.18,0.287,-12.455,-47.527,-44.599,-83.354,13,-9.596,170,52,23.658,-38.639,0.446,-2.954,0,-8.268,12.848,0,0.519,-3.605,-104.546,-2.133,-49.049,0,LHD52_relaxed_rank_1_model_4_AFrwc_0001_AFIA_0001,46.47058824,36.47058824,17.05882353,No,LHD,-2.501943818,27.50194382
0.75,0.680000007,81.00182353,53,1,5,-614.646,-3.586,-68.28,-3.279,-55.108,-2.646,1111.815,2082.651,970.835,4,0,-1023.016,258.123,-422.369,2.082,40.606,108.309,662.192,0.309,-9.053,-59.758,-57.462,-88.438,15,-0.902,170,62,27.721,-42.134,0.455,-3.757,0,-24.96,14.413,0,0.621,-3.866,-139.188,-3.606,-93.744,0,LHD53_relaxed_rank_1_model_5_AFrwc_0001_AFIA_0001,47.05882353,37.64705882,15.29411765,No,LHD,-2.759079654,70.75908037
0.38,0.100000001,55.481375,54,1,5,-516.953,-3.231,-18.448,-1.178,-10.356,-0.661,791.928,1566.408,774.48,8,0,-894.604,231.874,-341.955,1.82,35.784,83.929,592.535,0.481,-12.304,-45.068,-59.915,-75.224,5,-6.224,160,47,24.078,-40.412,0.457,-2.592,0,-17.342,6.074,0,0.333,-2.643,-63.429,-2.54,-58.416,0,LHD54_relaxed_rank_1_model_5_AFrwc_0001_AFIA_0001,43.75,35,21.25,No,LHD,-3.824993233,13.82499338
0.49,0.349999994,56.05493333,55,1,4,-378.021,-2.52,-60.715,-3.557,-55.851,-3.272,929.295,1706.737,777.442,5,0,-834.796,241.227,-343.384,1.855,37.708,95.559,589.191,0.283,-20.457,-42.678,-54.78,-63.708,14,-2.813,150,58,52.427,-30.818,0.502,-2.877,0,8.322,-10.876,0,0.531,-2.839,-90.837,-2.924,-76.026,0,LHD55_relaxed_rank_1_model_4_AFrwc_0001_AFIA_0001,42,29.33333333,28.66666667,No,LHD,-3.209633353,38.20963276
0.88,0.860000014,91.924,56,1,5,-516.779,-3.689,-79.684,-4.284,-72.54,-3.9,973.208,1859.891,886.683,2,0,-830.54,212.01,-350.531,1.584,35.098,78.714,577.406,0.238,-15.576,-43.383,-56.391,-70.436,15,-0.672,140,58,16.801,-35.659,0.632,-4.193,0,-23.696,-11.51,0,0.751,-4.092,-122.764,-4.3,-120.403,0,LHD56_relaxed_rank_1_model_5_AFrwc_0001_AFIA_0001,49.28571429,29.28571429,21.42857143,No,LHD,-3.031951872,89.0319533
0.78,0.709999979,84.74792857,57,1,3,-479.339,-3.424,-59.505,-3.178,-52.212,-2.789,973.533,1872.282,898.749,8,0,-841.122,208.335,-322.303,1.595,31.075,97.733,552.833,0.28,-23.086,-45.815,-38.129,-65.327,12,-11.04,140,57,20.548,-34.457,0.653,-3.879,0,-19.845,9.667,0,0.657,-3.893,-105.115,-3.867,-116.015,0,LHD57_relaxed_rank_1_model_3_AFrwc_0001_AFIA_0001,46.42857143,32.14285714,21.42857143,No,LHD,-2.036498775,73.03649663
0.84,0.870000005,87.85164286,58,1,4,-510.624,-3.647,-65.233,-3.635,-59.854,-3.335,1134.051,1794.693,660.643,2,0,-822.583,208.713,-349.78,1.537,30.417,85.336,549.791,0.212,-17.306,-41.567,-43.096,-70.745,11,-3.877,140,70,20.655,-29.968,0.612,-4.021,0,-21.742,-6.409,0,0.727,-3.814,-129.679,-4.216,-151.77,0,LHD58_relaxed_rank_1_model_4_AFrwc_0001_AFIA_0001,48.57142857,28.57142857,22.85714286,No,LHD,-2.401302061,89.40130254
0.81,0.75,88.62335714,59,1,3,-500.33,-3.574,-56.897,-3.405,-51.133,-3.06,806.519,1671.127,864.608,5,0,-832.401,196.902,-333.431,1.539,31.646,87.589,555.548,0.304,-20.703,-48.343,-43.026,-66.498,15,-6.75,140,56,18.526,-34.617,0.615,-3.873,0,-16.801,10.49,0,0.614,-4.03,-112.827,-3.717,-104.072,0,LHD59_relaxed_rank_1_model_3_AFrwc_0001_AFIA_0001,47.14285714,35,17.85714286,No,LHD,-2.574669669,77.57466967
0.8,0.75,80.03236686,60,1,4,-605.197,-3.581,-80.52,-3.8,-73.649,-3.476,1348.284,2118.886,770.602,12,0,-1007.478,243.729,-389.229,2.015,37.101,105.532,642.281,0.174,-21.659,-52.299,-52.288,-83.313,11,-5.093,169,83,24.093,-45.637,0.562,-3.921,0,-26.821,23.87,0,0.693,-4.418,-198.827,-3.332,-126.597,0,LHD60_relaxed_rank_1_model_4_AFrwc_0001_AFIA_0001,49.11242604,30.76923077,20.1183432,No,LHD,-2.467711807,77.46771181
0.4,0.170000002,48.21525,61,1,3,-432.46,-2.666,-44.45,-2.55,-31.081,-1.783,963.976,1742.935,778.958,2,0,-917.925,264.015,-364.776,1.886,42.283,105.488,676.713,0.333,-15.577,-39.534,-44.446,-76.956,10,-13.556,160,65,28.429,-35.998,0.478,-2.658,0,-8.049,-34.456,0,0.603,-2.145,-68.64,-3.156,-104.147,0,LHD61_relaxed_rank_1_model_3_AFrwc_0001_AFIA_0001,49.375,32.5,18.125,No,LHD,-2.550066411,19.55006659
0.86,0.790000021,89.36293478,62,1,4,-676.528,-3.677,-52.348,-2.688,-46.99,-2.413,799.162,1947.671,1148.509,7,0,-1086.17,263.33,-448.216,2.097,37.395,104.598,719.563,0.347,-23.025,-57.479,-55.952,-92.953,16,-7.328,184,60,19.542,-44.105,0.57,-3.955,0,-23.74,15.914,0,0.549,-4.22,-126.6,-3.691,-110.724,0,LHD62_relaxed_rank_1_model_4_AFrwc_0001_AFIA_0001,50,33.15217391,16.84782609,No,LHD,-2.872764445,81.87276659
0.76,0.610000014,86.84369565,63,1,5,-681.563,-3.698,-45.197,-2.939,-39.539,-2.571,563.215,1537.849,974.634,4,0,-1076.258,274.973,-469.985,2.077,41.717,104.351,743.104,0.48,-25.118,-59.178,-68.111,-90.114,17,-3.371,184,61,25.198,-44.257,0.582,-3.876,0,-24.727,-11.862,0,0.465,-3.545,-102.819,-4.175,-133.608,0,LHD63_relaxed_rank_1_model_5_AFrwc_0001_AFIA_0001,49.45652174,33.69565217,16.84782609,No,LHD,-4.428978398,65.42897983
0.5,0.389999986,52.7413587,64,1,4,-556.551,-3.025,-58.878,-2.856,-56.133,-2.722,1089.97,2061.88,971.91,4,0,-1013.962,263.803,-411.655,2.224,43.102,102.798,702.667,0.244,-20.143,-49.251,-45.768,-91.197,12,-11.818,184,77,27.545,-41.029,0.468,-3.885,0,-23.685,9.816,0,0.533,-3.84,-153.614,-3.932,-145.494,0,LHD64_relaxed_rank_1_model_4_AFrwc_0001_AFIA_0001,48.91304348,28.26086957,22.82608696,No,LHD,-2.219721807,41.21972038
0.86,0.829999983,89.22889655,65,1,2,-517.508,-3.569,-65.611,-4.744,-64.057,-4.631,738.125,1383.102,644.977,4,0,-827.727,197.545,-322.299,1.607,29.856,83.726,510.37,0.215,-8.37,-53.102,-39.57,-65.525,10,-8.743,145,55,18.417,-33.53,0.615,-4.387,0,-19.507,19.343,0,0.727,-4.706,-122.35,-4.101,-118.93,0,LHD65_relaxed_rank_1_model_2_AFrwc_0001_AFIA_0001,44.13793103,35.17241379,20.68965517,No,LHD,-2.860960363,85.86095869
0.83,0.800000012,86.78924138,66,1,4,-514.14,-3.546,-54.491,-3.503,-48.903,-3.144,769.383,1555.535,786.152,6,0,-832.256,208.331,-344.157,1.611,34.037,89.218,531.787,0.242,-16.732,-52.328,-40.859,-62.866,11,-7.045,145,57,19.5,-37.931,0.645,-4.192,0,-24.532,20.082,0,0.673,-4.659,-135.115,-3.707,-103.801,0,LHD66_relaxed_rank_1_model_4_AFrwc_0001_AFIA_0001,45.51724138,36.55172414,17.93103448,No,LHD,-2.62668471,82.6266859
0.5,0.150000006,63.52675862,67,1,3,-409.172,-2.822,-14.429,-1.509,-11.875,-1.242,504.044,956.002,451.959,2,0,-795.277,213.295,-285.387,1.729,32.483,88.205,515.982,0.173,-12.719,-37.009,-41.175,-66.364,2,-12.423,145,38,24.032,-35.934,0.49,-2.493,0,-14.706,16.097,0,0.661,-3.297,-62.65,-1.688,-32.068,0,LHD67_relaxed_rank_1_model_3_AFrwc_0001_AFIA_0001,44.13793103,31.03448276,24.82758621,No,LHD,-4.306999358,19.30699995
0.53,0.289999992,59.69006098,68,1,4,-506.781,-3.09,-31.863,-2.429,-25.434,-1.939,631.73,1311.923,680.193,10,0,-945.785,243.338,-356.313,1.949,35.924,110.525,628.645,0.289,-20.543,-46.732,-44.078,-78.079,8,-9.513,164,49,22.99,-37.081,0.544,-3.368,0,-16.503,4.476,0,0.647,-3.764,-94.1,-2.956,-70.943,0,LHD68_relaxed_rank_1_model_4_AFrwc_0001_AFIA_0001,49.3902439,30.48780488,20.12195122,No,LHD,-3.359800842,32.35980001
0.67,0.670000017,68.51103448,69,1,3,-411.25,-2.851,-57.609,-3.677,-42.036,-2.683,760.138,1566.74,806.602,7,0,-836.09,220.392,-303.819,1.72,33.923,103.619,555.372,0.429,-16.281,-42.036,-30.304,-75.124,15,-7.299,145,59,27.134,-27.272,0.538,-3.175,0,-11.877,-3.306,0,0.664,-3.47,-104.108,-2.869,-83.191,0,LHD69_relaxed_rank_1_model_3_AFrwc_0001_AFIA_0001,46.89655172,30.34482759,22.75862069,No,LHD,-1.934207335,68.934209
0.83,0.75,85.84005917,70,1,4,-630.592,-3.731,-69.896,-3.794,-60.5,-3.284,1123.511,1842.059,718.548,3,0,-1008.286,245.116,-410.783,1.932,36.768,109.097,649.637,0.269,-22.046,-54.52,-60.823,-82.344,12,-3.062,169,75,20.211,-45.013,0.604,-4.014,0,-27.559,21.083,0,0.626,-3.64,-116.465,-4.292,-184.567,0,LHD70_relaxed_rank_1_model_4_AFrwc_0001_AFIA_0001,48.52071006,31.36094675,20.1183432,No,LHD,-3.301902925,78.30190292
0.57,0.209999993,63.96515723,71,1,1,-529.4,-3.33,-53.806,-3.131,-46.433,-2.702,925.569,1718.556,792.987,11,0,-938.889,220.279,-333.33,2.005,33.089,116.447,562.29,0.219,-15.673,-44.601,-44.637,-74.787,11,-5.097,159,66,24.531,-41.859,0.476,-3.115,0,-27.584,38.418,0,0.559,-2.246,-65.125,-3.797,-140.473,0,LHD71_relaxed_rank_1_model_1_AFrwc_0001_AFIA_0001,49.68553459,28.93081761,21.3836478,No,LHD,-2.597354989,23.59735433
0.78,0.699999988,81.13304598,72,1,5,-621.589,-3.572,-66.813,-3.515,-55.043,-2.896,822.83,1900.698,1077.869,10,0,-1058.556,251.535,-421.818,2.028,38.049,121.631,700.245,0.318,-18.886,-57.193,-58.073,-85.847,18,-7.932,174,62,26.624,-51.52,0.574,-3.297,0,-25.002,23.125,0,0.637,-3.227,-106.495,-3.377,-97.931,0,LHD72_relaxed_rank_1_model_5_AFrwc_0001_AFIA_0001,48.27586207,32.18390805,19.54022989,No,LHD,-3.055351245,73.05535005
0.75,0.709999979,79.21364641,73,1,1,-650.141,-3.592,-69.035,-3.849,-64.312,-3.586,1068.363,1793.38,725.017,0,0,-1048.574,219.114,-398.395,1.984,34.462,118.388,641.788,0.166,-23.062,-47.452,-41.776,-86.539,10,-15.897,181,66,24.117,-40.119,0.482,-4.005,0.149,-25.662,37.333,0,0.692,-3.994,-139.777,-4.018,-124.553,0,LHD73_relaxed_rank_1_model_1_AFrwc_0001_AFIA_0001,49.72375691,28.72928177,21.54696133,No,LHD,-2.329456111,73.32945397
0.84,0.769999981,85.19278761,74,1,5,-824.1,-3.647,-76.743,-3.279,-60.557,-2.587,1296.515,2340.779,1044.264,18,0,-1368.722,276.736,-476.746,2.809,47.344,169.27,786.31,0.21,-41.176,-53.979,-42.369,-111.247,13,-17.061,226,72,30.548,-55.929,0.499,-3.674,0.474,-38.885,68.523,0,0.567,-3.72,-137.648,-3.626,-126.899,0,LHD74_relaxed_rank_1_model_5_AFrwc_0001_AFIA_0001,53.53982301,23.45132743,23.00884956,No,LHD,-1.810038453,78.81003655
0.89,0.889999986,91.41337278,75,1,4,-613.114,-3.625,-77.821,-4.243,-71.192,-3.882,1166.152,1834.113,667.961,1,0,-984.528,203.498,-368.891,2.014,32.32,111.591,585.921,0.23,-24.095,-56.658,-40.173,-77.944,14,-9.025,169,68,16.598,-49.919,0.532,-4.232,0,-27.424,73.602,0,0.65,-4.072,-146.586,-4.413,-141.21,0,LHD75_relaxed_rank_1_model_4_AFrwc_0001_AFIA_0001,48.52071006,31.36094675,20.1183432,No,LHD,-2.190323061,91.19032163
0.72,0.610000014,82.37197605,76,1,5,-598.621,-3.587,-50.016,-3.149,-41.61,-2.62,783.329,1588.076,804.747,3,0,-982.343,229.136,-363.752,1.966,32.93,121.887,577.824,0.366,-25.47,-42.652,-45.86,-76.78,15,-7.771,167,49,23.804,-42.791,0.479,-3.77,0.02,-28.105,29.337,0,0.525,-3.848,-100.035,-3.683,-84.702,0,LHD76_relaxed_rank_1_model_5_AFrwc_0001_AFIA_0001,49.10179641,28.14371257,22.75449102,No,LHD,-2.887771114,63.88777254
0.69,0.589999974,78.08712707,77,1,5,-625.566,-3.456,-59.895,-3.747,-49.736,-3.112,860.227,1598.403,738.176,2,0,-1050.673,235.002,-388.803,2.012,37.06,118.702,643.657,0.255,-22.938,-47.943,-41.54,-84.062,13,-13.094,181,60,23.068,-41.537,0.476,-3.839,0.074,-24.503,29.952,0,0.617,-4.019,-128.6,-3.633,-101.715,0,LHD77_relaxed_rank_1_model_5_AFrwc_0001_AFIA_0001,48.06629834,28.17679558,23.75690608,No,LHD,-2.598843971,61.59884135
0.87,0.839999974,94.24846667,78,1,2,-547.391,-3.65,-48.907,-3.401,-42.711,-2.97,760.293,1437.866,677.574,1,0,-838.806,175.814,-340.186,1.6,28.228,84.168,525.742,0.195,-21.795,-50.747,-34.036,-69.487,8,-8.341,150,52,13.831,-37.799,0.637,-4.077,0,-19.112,43.534,0,0.648,-3.949,-106.615,-4.216,-105.405,0,LHD78_relaxed_rank_1_model_2_AFrwc_0001_AFIA_0001,45.33333333,34.66666667,20,No,LHD,-2.36711905,86.36711643
0.82,0.75999999,89.20206667,79,1,3,-534.68,-3.565,-44.137,-2.995,-39.565,-2.684,750.249,1473.922,723.674,5,0,-857.885,195.906,-334.446,1.658,28.782,89.361,538.158,0.318,-24.757,-51.372,-35.862,-68.339,11,-10.506,150,48,15.841,-36.974,0.664,-4.042,0,-19.565,35.32,0,0.632,-4.044,-101.09,-4.04,-92.928,0,LHD79_relaxed_rank_1_model_3_AFrwc_0001_AFIA_0001,43.33333333,34.66666667,22,No,LHD,-2.433100259,78.43309931
0.79,0.649999976,85.26780488,80,1,1,-747.254,-3.645,-42.752,-2.594,-39.018,-2.367,917.691,1648.375,730.684,8,0,-1195.903,271.978,-469.186,2.341,45.512,123.811,756.14,0.126,-28.927,-52.803,-52.1,-101.01,5,-14.216,205,53,32.408,-51.977,0.536,-3.478,0.019,-31.568,18.229,0,0.569,-3.72,-104.153,-3.207,-80.186,0,LHD80_relaxed_rank_1_model_1_AFrwc_0001_AFIA_0001,48.7804878,27.80487805,23.41463415,No,LHD,-3.160688557,68.16068617
0.66,0.540000021,75.82683168,81,1,1,-671.281,-3.323,-44.109,-3.437,-38.67,-3.013,726.954,1283.526,556.572,8,0,-1161.108,218.718,-388.666,2.199,37.695,143.364,689.073,0.162,-30.51,-37.611,-34.149,-96.64,5,-22.499,202,49,24.294,-42.485,0.544,-3.987,0.818,-27.935,54.16,0,0.672,-3.876,-93.033,-4.093,-102.32,0,LHD81_relaxed_rank_1_model_1_AFrwc_0001_AFIA_0001,55.94059406,23.76237624,20.2970297,No,LHD,-2.660561609,56.66056375
0.83,0.800000012,85.41331492,82,1,1,-663.078,-3.663,-76.795,-5.155,-70.604,-4.739,696.545,1489.696,793.151,2,0,-1062.342,222.858,-403.693,1.972,36.838,113.212,651.525,0.262,-24.614,-47.171,-48.056,-85.215,16,-11.637,181,53,26.031,-40.944,0.596,-4.46,0.403,-25.452,33.207,0,0.738,-4.593,-128.613,-4.31,-107.746,0,LHD82_relaxed_rank_1_model_1_AFrwc_0001_AFIA_0001,48.06629834,28.72928177,23.20441989,No,LHD,-3.225893068,83.22589426
0.87,0.839999974,95.01907143,83,1,5,-523.919,-3.733,-53.852,-3.464,-49.443,-3.18,767.82,1554.795,786.975,5,0,-816.238,183.114,-319.688,1.554,26.683,78.971,508.296,0.279,-20.305,-44.18,-33.434,-65.122,12,-11.704,140,54,16.107,-35.468,0.623,-3.961,0,-18.196,25.69,0,0.647,-3.703,-96.273,-4.2,-117.61,0,LHD83_relaxed_rank_1_model_5_AFrwc_0001_AFIA_0001,46.42857143,31.42857143,22.14285714,No,LHD,-2.150379954,86.15037733
0.82,0.769999981,87.19371429,84,1,3,-491.591,-3.511,-60.732,-3.943,-52.101,-3.383,860.808,1540.126,679.318,2,0,-806.356,195.469,-324.358,1.65,28.037,82.074,514.193,0.268,-17.583,-43.663,-41.02,-68.866,14,-6.805,140,52,18.394,-36.328,0.566,-3.924,0,-18.062,31.633,0,0.647,-3.828,-103.351,-4.029,-100.718,0,LHD84_relaxed_rank_1_model_3_AFrwc_0001_AFIA_0001,46.42857143,32.85714286,20.71428571,No,LHD,-2.663418448,79.66341654
0.78,0.75999999,82.02232044,85,1,5,-642.783,-3.551,-75.793,-4.343,-67.835,-3.887,915.31,1745.097,829.787,6,0,-1073.708,231.102,-395.473,1.943,37.146,118.123,663.975,0.248,-24.112,-43.993,-42.468,-87.433,14,-12.268,181,55,25.682,-40.358,0.574,-4.155,0.305,-21.993,20.748,0,0.786,-4.432,-132.961,-3.822,-95.541,0,LHD85_relaxed_rank_1_model_5_AFrwc_0001_AFIA_0001,49.72375691,28.17679558,22.09944751,No,LHD,-2.433561,78.43356005
0.89,0.850000024,92.33302439,86,1,5,-774.852,-3.78,-54.781,-3.478,-51.208,-3.251,905.024,1574.948,669.925,6,0,-1229.611,271.882,-469.459,2.366,44.35,132.446,752.058,0.215,-36.221,-56.911,-49.208,-100.653,10,-13.106,205,50,32.04,-53.401,0.589,-3.829,0.635,-33.399,31.34,0,0.675,-3.746,-104.895,-3.935,-86.573,0,LHD86_relaxed_rank_1_model_5_AFrwc_0001_AFIA_0001,49.75609756,28.29268293,21.95121951,No,LHD,-3.124420616,88.124423
0.82,0.790000021,84.28950276,87,1,1,-637.633,-3.523,-66.663,-4.031,-61.53,-3.721,747.569,1653.673,906.104,6,0,-1053.951,224.995,-400.956,1.973,36.582,116.337,667.571,0.286,-25.47,-47.076,-43.637,-85.371,16,-14.231,181,55,32.409,-40.721,0.597,-4.073,0.257,-26.461,20.118,0,0.681,-4.108,-123.233,-4.031,-100.787,0,LHD87_relaxed_rank_1_model_1_AFrwc_0001_AFIA_0001,50.27624309,28.17679558,21.54696133,No,LHD,-2.638792555,81.6387947
0.81,0.75,89.74953333,88,1,2,-533.23,-3.554,-53.899,-3.163,-42.024,-2.466,841.874,1703.955,862.081,5,0,-836.901,183.665,-351.481,1.555,25.859,86.965,542.13,0.291,-28.93,-51.779,-28.476,-68.599,14,-10.534,150,52,16.26,-36.29,0.561,-3.864,0,-16.131,39.458,0,0.548,-3.81,-102.874,-3.923,-98.07,0,LHD88_relaxed_rank_1_model_2_AFrwc_0001_AFIA_0001,44,34.66666667,21.33333333,No,LHD,-1.671170894,76.67117089
0.73,0.639999986,78.42688119,89,1,5,-700.225,-3.466,-74.68,-3.571,-66.987,-3.203,1186.012,2091.117,905.105,12,0,-1197.668,226.401,-434.662,2.296,39.382,149.016,738.727,0.259,-31.296,-40.493,-38.551,-100.38,15,-17.076,202,62,29.07,-43.92,0.525,-4.006,0.508,-31.657,50.078,0,0.632,-3.721,-115.365,-4.291,-133.031,0,LHD89_relaxed_rank_1_model_5_AFrwc_0001_AFIA_0001,57.42574257,21.78217822,20.79207921,No,LHD,-1.843560164,65.84355873
0.9,0.860000014,89.60579646,90,1,5,-848.752,-3.756,-103.777,-4.193,-92.01,-3.717,1553.553,2475.15,921.597,9,0,-1356.61,260.27,-502.005,2.665,45.553,157.218,806.056,0.171,-37.168,-53.088,-41.924,-110.758,15,-19.509,226,81,31.489,-59.054,0.525,-4.107,0.336,-43.593,71.369,0,0.658,-3.961,-150.528,-4.235,-182.121,0,LHD90_relaxed_rank_1_model_5_AFrwc_0001_AFIA_0001,54.42477876,23.89380531,21.68141593,No,LHD,-1.693796336,87.69379777
0.7,0.629999995,73.47895028,91,1,5,-590.017,-3.26,-51.523,-2.743,-46.131,-2.456,986.818,1878.042,891.224,18,0,-1076.592,231.205,-373.83,2.105,37.651,141.074,651.764,0.12,-24.479,-39.063,-43.286,-85.665,5,-18.424,181,64,30.357,-38.142,0.499,-3.44,0.121,-19.966,35.153,0,0.629,-3.227,-103.278,-3.652,-116.876,0,LHD91_relaxed_rank_1_model_5_AFrwc_0001_AFIA_0001,49.17127072,27.0718232,23.75690608,No,LHD,-2.304847282,65.30484681
0.78,0.639999986,85.3832,92,1,4,-724.627,-3.623,-49.288,-2.905,-34.564,-2.037,822.108,1696.624,874.516,11,0,-1173.386,256.709,-446.099,2.669,40.22,129.769,720.199,0.307,-37.375,-56.266,-39.038,-95.402,11,-10.872,200,56,26.094,-52.616,0.55,-3.489,0.015,-33.667,44.418,0,0.697,-3.241,-100.459,-3.798,-94.94,0,LHD92_relaxed_rank_1_model_4_AFrwc_0001_AFIA_0001,49,27.5,23.5,No,LHD,-2.300922302,66.30092087
0.79,0.810000002,79.82039773,93,1,4,-550.331,-3.127,-55.668,-3.786,-48.272,-3.283,757.756,1470.299,712.543,5,0,-1002.251,217.095,-382.8,1.928,36.409,110.353,669.054,0.307,-29.666,-42.009,-45.912,-79.5,11,-13.75,176,50,27.334,-35.065,0.456,-3.784,0.228,-8.395,26.616,0,0.58,-3.75,-97.508,-3.819,-91.668,0,LHD93_relaxed_rank_1_model_4_AFrwc_0001_AFIA_0001,50,25.56818182,24.43181818,No,LHD,-3.122630159,84.1226304
0.79,0.769999981,78.74685083,94,1,5,-631.686,-3.49,-83.315,-4.164,-75.303,-3.764,1012.755,2000.625,987.87,7,0,-1066.487,233.183,-409.755,2.041,37.944,117.903,664.039,0.201,-29.785,-43.46,-48.688,-83.91,14,-11.262,181,70,23.387,-41.947,0.508,-4.365,0.167,-10.071,35.014,0,0.681,-4.247,-148.643,-4.482,-156.876,0,LHD94_relaxed_rank_1_model_5_AFrwc_0001_AFIA_0001,49.72375691,24.30939227,25.96685083,No,LHD,-2.433639488,79.43363758
0.77,0.75,80.98834254,95,1,2,-653.15,-3.609,-71.834,-4.329,-67.863,-4.09,892.344,1659.409,767.065,3,0,-1047.507,222.101,-404.935,2.006,36.125,110.935,652.419,0.202,-24.737,-48.274,-44.65,-84.71,14,-14.12,181,58,22.853,-39.553,0.483,-4.291,0.407,-25.437,33.927,0,0.664,-4.496,-139.388,-4.056,-109.509,0,LHD95_relaxed_rank_1_model_2_AFrwc_0001_AFIA_0001,48.61878453,28.72928177,22.6519337,No,LHD,-2.690716996,77.690717
0.89,0.870000005,94.99853333,96,1,5,-552.363,-3.684,-57.338,-3.81,-51.817,-3.444,848.024,1504.766,656.742,0,0,-851.846,183.086,-339.98,1.525,27.73,80.988,539.272,0.251,-22.868,-54.933,-39.536,-69.095,12,-8.895,150,57,16.427,-37.818,0.699,-4.236,0,-17.434,41.014,0,0.717,-4.366,-122.256,-4.11,-119.195,0,LHD96_relaxed_rank_1_model_5_AFrwc_0001_AFIA_0001,44,34.66666667,21.33333333,Yes,LHD,-2.627385255,89.62738573
0.81,0.74000001,84.49712707,97,1,4,-635.56,-3.513,-66.645,-3.601,-58.693,-3.172,893.804,1850.618,956.815,7,0,-1074.564,250.568,-406.877,2.146,37.753,117.231,673.661,0.252,-25.446,-46.043,-50.663,-83.83,13,-13.227,181,61,25.79,-38.355,0.499,-3.839,0.113,-21.719,17.903,0,0.621,-3.422,-99.236,-4.217,-134.953,0,LHD97_relaxed_rank_1_model_4_AFrwc_0001_AFIA_0001,49.72375691,27.62430939,22.6519337,No,LHD,-2.737626025,76.73762698
0.85,0.810000002,88.49717949,98,1,1,-702.08,-3.6,-63.054,-3.447,-57.693,-3.154,1082.518,1829.443,746.925,2,0,-1162.591,251.374,-416.644,2.29,39.728,132.479,695.394,0.167,-33.591,-49.914,-32.916,-94.279,8,-21.784,195,64,26.714,-51.538,0.573,-3.871,0.248,-30.511,43.458,0,0.664,-3.783,-109.699,-3.944,-138.05,0,LHD98_relaxed_rank_1_model_1_AFrwc_0001_AFIA_0001,51.28205128,25.64102564,23.07692308,No,LHD,-1.799236161,82.7992364
0.87,0.829999983,95.26071429,99,1,5,-522.416,-3.729,-51.537,-3.304,-41.628,-2.669,875.434,1559.81,684.376,9,0,-831.299,184.298,-312.656,1.623,27.76,86.174,507.652,0.317,-20.83,-45.281,-34.374,-64.804,10,-9.418,140,48,15.752,-36.077,0.665,-3.835,0,-17.656,26.72,0,0.684,-3.533,-81.263,-4.113,-102.835,0,LHD99_relaxed_rank_1_model_5_AFrwc_0001_AFIA_0001,46.42857143,31.42857143,22.14285714,No,LHD,-2.203729941,85.20372827